index,content,link,news_agency,reporters,full_content,date,category
0,"이 대통령 ""김정은 만나달라""…트럼프 ""올해 만나고 싶다""",https://n.news.naver.com/mnews/article/055/0001286922,SBS,배준우 기자,"▲ 이재명 대통령이 25일(현지 시간) 미국 워싱턴DC 백악관 오벌오피스에서 도널드 트럼프 미국 대통령과 한미 정상회담을 하며 함께 웃고 있다.
이재명 대통령과 도널드 트럼프 미국 대통령이 미국 워싱턴DC에서 가진 첫 정상회담에서는 북미 정상 간의 대화 가능성이 집중적으로 거론됐습니다.
이 대통령은 트럼프 대통령이 김정은 총비서를 만나달라고 요청했고, 트럼프 대통령은 가능하다면 올해 만나고 싶다는 뜻을 내비쳤습니다.
먼저 이 대통령은 회담 모두발언에서 ""세계 지도자 중 전 세계 평화 문제에 (트럼프) 대통령님처럼 이렇게 관심을 가지고 실제 성과를 낸 건 처음""이라며 ""피스메이커로서의 역할이 정말 눈에 띄는 것 같다""고 말했습니다.
그러면서 ""가급적 전 세계에서 유일하게 분단국가로 남아 있는 한반도에도 평화를 만들어달라""며 ""김정은도 만나달라""고 요청했습니다.
또 ""북한에 트럼프월드도 하나 지어서 저도 거기서 골프도 칠 수 있게 해주시고 세계사적인 평화의 메이커 역할을 꼭 해주시길 기대한다""고 덧붙였습니다.
이 대통령은 ""얼마 전 김여정이 미국과 저를 비난하는 발언을 할 때도 (트럼프) 대통령과 김정은의 특별한 관계는 의심하지 않는다고 했다""며 ""기다리고 있다는 뜻으로 보인다""고 말하기도 했습니다.
이 대통령은 ""저의 관여로 남북 관계가 잘 개선되기는 쉽지 않은 상태인데, 실제로 이 문제를 풀 수 있는 유일한 인물은 트럼프 대통령""이라며 ""대통령께서 '피스메이커'를 하시면 저는 '페이스메이커'로 열심히 지원하겠다""고 약속했습니다.
이에 트럼프 대통령은 ""나는 그것(김 위원장과의 만남)이 매우 좋은 일이라고 생각한다""며 ""추진할 것""이라고 답했습니다.
트럼프 대통령은 ""김 위원장과 저는 (과거에) 좋은 관계를 유지했다. 제가 (그 당시) 김 위원장을 '로켓맨'이라고 얘기했는데, 다시 한번 얘기를 하게 되기를 바란다. 서로 대화할 준비가 된다면 그런 기회가 있으리라 생각한다""고 설명했습니다.
트럼프 대통령은 1기 집권 시절 김 위원장과 두 차례 정상회담을 했다는 점을 상기시키며 ""나는 그를 여동생(김여정)을 제외한 누구보다도 잘 안다""고 강조했습니다.
특히 기자들이 '올해 아니면 내년에 그(김정은 위원장)를 볼 것이냐'는 질문을 받고 ""나는 많은 사람을 만나고 있다. 그래서 말하기는 어렵지만, 올해 그를 만나고 싶다""고 했습니다.
양 정상은 조선업을 중심으로 경제 협력을 강화하자는 데에도 뜻을 모았습니다.
이 대통령은 ""미국이 다시 위대하게 변하고 있는 것 같다""며 ""조선 분야뿐 아니라 제조업 분야에서 르네상스가 이뤄지고 있고, 그 과정에 대한민국도 함께하게 되기를 기대한다""고 말했습니다.
그러면서 ""한미 동맹을 군사 분야뿐만 아니라 경제 분야, 과학기술 분야까지 확장해 미래형으로 발전시켰으면 좋겠다""고 덧붙였습니다.
트럼프 대통령도 ""조선소, 선박 건조에 대해 우리는 많은 얘기를 나눌 것""이라며 ""미국은 조선업이 상당히 폐쇄됐기에 한국에서 구매해야 할 것""이라고 말했습니다.
그는 ""앞으로 한국과 협력을 통해 미국에서 선박이 다시 건조되길 바란다""며 ""미국의 조선업을 한국과 협력해 부흥시키는 기회를 갖게 되길 바란다""고 강조했습니다.
트럼프 대통령은 이어진 질의응답에서 일명 '마스가'(MASGA) 프로젝트에 관해 묻자 ""시간이 걸릴 것이라고 생각한다""면서도 ""미국 조선업을 매우 위대하게 만들 것""이라고 답하기도 했습니다.
또 ""(한미는) 서로 필요한 관계라고 생각한다. 양국의 제품을 서로가 좋아한다""며 ""한국은 에너지가 필요한데, (미국은) 알래스카에 풍부한 자원을 갖고 있다. 한국과 같이 협업하고 싶다""고 말했습니다.
두 정상은 한미일 협력 강화도 나란히 강조했습니다.
트럼프 대통령은 ""일본이 아주 소중한 우방이라고 생각하지만 한일 관계가 다소 껄끄러운 부분이 있었다""며 ""저는 위안부 문제가 과거에 몇 차례 해결이 됐다고 생각했는데 그렇지 않더라""고 말했습니다.
이어 ""일본은 이 문제를 덮고 싶어했는데 한국은 꼭 짚고 넘어가고자 했다""며 ""오래전 과거사 때문에 한국과 일본을 다시 화해시키기 쉽지 않았다""고 했습니다.
이에 이 대통령은 ""한미일 협력은 매우 중요한 과제이고, 한미 관계 발전을 위해 한일 관계도 어느 정도 수습돼야 한다""며 ""대통령께서 한미일 협력을 매우 중시하시기 때문에 제가 미리 일본과 만나서 걱정하실 문제를 다 정리했다""고 했습니다.
그러자 트럼프 대통령은 ""일본은 한국과의 관계 개선을 적극 바라고 있다. 대북 정책에서도 한국과 일본의 이해관계가 일치하고 있다""고 언급했습니다.
다시 이 대통령은 ""이시바 시게루 일본 총리를 만났을 때, 그 전에 가지고 있던 여러 장애 요소가 많이 제거됐다고 생각한다""며 ""한일 관계의 앞날이 밝다고 본다""고 밝혔습니다.
트럼프 대통령은 중국과의 관계에 대해서는 ""시진핑 주석과 최근에도 대화를 가졌는데, 올해 아니면 조만간 제가 방중을 할 수 있을 것으로 보인다""고 언급했습니다.
그러면서 이 대통령을 향해 ""같이 가겠느냐. 같이 방중을 할 수도 있을 것 같은데, 같이 전용기에 탑승하면 연료를 절감할 수 있을 것""이라며 ""오존층 파괴도 막을 수 있을 것""이라고 농담을 건넸습니다.
이 대통령이 ""같이 가면 좋겠다""고 답하자 트럼프 대통령도 ""특별 허가를 받아야 하는데 저희가 중국과 좋은 관계를 맺고 있다""고 말했습니다.
트럼프 대통령은 '한국에서 올해 개최되는 아시아태평양경제협력체(APEC) 정상회의에 참여할 의향이 있느냐'는 질문엔 ""갈 수 있다고 본다""고 했습니다.
'참석할 경우 김정은 총비서나 시진핑 중국 국가주석을 만날 수 있지 않겠느냐'는 물음에 ""(이 대통령이) 만날 기회를 주겠다는 것인가""라며 ""어려운 질문이지만, 김 위원장과 다시 만날 기회가 있다면 상당히 좋을 것이라고 생각한다. 다시 한번 만나야 한다고 생각한다""고 재차 의지를 밝혔습니다.
한편, 트럼프 대통령은 주한미군 감축을 고려하는냐는 질문에는 ""그걸 지금 말하고 싶지는 않다. 우리는 친구이기 때문""이라고 답했습니다.
그는 현재 주한미군이 사용하는 기지를 미군이 소유하는 게 아니라 임차하고 있다며 ""내가 하고 싶은 일들 중 하나는 어쩌면 한국에 우리가 큰 기지를 갖고 있는 땅의 소유권을 우리에게 달라고 요청하는 것""이라고 말했습니다.
그러면서 ""우리는 기지를 건설하는 데 엄청난 돈을 썼고 한국이 기여한 게 있지만 난 그걸(소유권을) 원한다. 우리는 임대차 계약을 없애고 우리가 엄청난 군을 두고 있는 땅의 소유권을 확보할 수 있다""고 덧붙였습니다.
(사진=연합뉴스)",2025-08-26,정치
1,"[속보]당정 ""29일 국무회의서 내년도 예산안 의결""",https://n.news.naver.com/mnews/article/008/0005240872,머니투데이,"오문영 기자, 김지은 기자","(서울=뉴스1) 이승배 기자 = 구윤철 경제부총리 겸 기획재정부 장관이 26일 서울 여의도 국회 의원회관에서 열린 내년도 정부 예산안 편성 방향을 논의하기 위한 당정 협의에 참석해 모두발언하고 있다. 2025.8.26/뉴스1  Copyright (C) 뉴스1. All rights reserved. 무단 전재 및 재배포,  AI학습 이용 금지. /사진=(서울=뉴스1) 이승배 기자
한정애 더불어민주당 정책위의장이 26일 오전 서울 여의도 국회 의원회관에서 열린 '2026년 예산안 당정(여당·정부) 협의' 이후 기자들과 만나 ""당정 협의 내용은 오는 29일 국무회의에서 내년도 예산안이 의결된 이후 세부 금액을 확인할 수 있게 된다""고 밝혔다.
한 의장은 ""민주당은 국민과 현장의 목소리를 청취해 (국회에서) 내년도 예산안을 심사하는 과정에서 국민이 필요로하는 부분에 대해 착실히 보완하겠다""고 덧붙였다.",2025-08-26,정치
2,"李대통령 ""한국, 과거처럼 '안미경중' 취할 수 없는 상태""",https://n.news.naver.com/mnews/article/374/0000459466,SBS Biz,김성훈 기자,"이재명 대통령은 현지시간 25일 ""과거에 한국은 안미경중(安美經中, 안보는 미국 경제는 중국)의 태도를 취한 게 사실이지만, 이제 과거와 같은 태도를 취할 수 없는 상태가 됐다""고 말했습니다.
이 대통령은 이날 미 싱크탱크인 CSIS(국제전략문제연구소)를 찾아 정책연설을 한 뒤, 햄리 소장과 대담에서 이같이 말했습니다.
이 대통령은 ""최근 몇년 사이에 자유 진영과 중국 중심의 진영 간에 공급망 재편이 본격적으로 벌어지고 미국의 정책이 중국을 견제하는 쪽으로 가면서 한국이 과거와 같은 태도를 취할 수 없는 상태가 됐다""고 설명했습니다.
당신의 제보가 뉴스로 만들어집니다.
SBS Biz는 여러분의 제보를 기다리고 있습니다.
홈페이지 = https://url.kr/9pghjn",2025-08-26,정치
3,"""위대한 지도자, 언제나 함께"" 트럼프 써준 '李 극찬 메모' [현장영상]",https://n.news.naver.com/mnews/article/214/0001445063,MBC,No Reporter,"━
2025년 8월 25일 (미국 현지시간)
한미정상회담 관련 브리핑
""시종일관 화기애애한 분위기에서 진행된 오늘 회담은 양 정상이 서로에 대한 호감과 신뢰를 쌓는 시간이었습니다. 먼저 양국 대통령은 각자 모두 발언을 하고 이후 한미 양국 취재진과 약식 기자회견을 가진 후 케비닛 룸에서 확대 정상회담을 가졌습니다. 오찬과 함께 진행된 비공개 회담은 두 정상과 양국의 참모진이 함께했습니다. 교역 및 관세 협상에 대한 간단한 점검을 했습니다. 이어 두 정상은 미국 조선업의 현재와 미래에 대해 이야기했습니다.
또한 트럼프 대통령은 이 대통령에게 북한의 김정은 국무위원장과 만났던 이야기를 자세히 들려주기도 했습니다. 자신이 잠시 대통령직을 하지 않았던 사이 북한의 핵위협이 훨씬 커졌음을 강조하면서 중국과 북한의 관계, 북한과 러시아의 관계에 대한 이재명 대통령의 생각을 묻기도 했습니다. 이재명 대통령은 트럼프 대통령을 올가을에 열리는 경주 APEC에 초청했고, 가능하다면 북한 김정은 국무위원장과의 만남도 추진해 보자고 권했습니다. 이에 대해 트럼프 대통령은 매우 슬기로운 제안이다라고 평가하면서 이 대통령의 제안을 여러 차례 치켜세웠습니다.
이어 이 대통령을 향해 '당신은 전사다' '당신은 미국으로부터 완전한 지원을 받게 될 것이다' 등의 말로 여러 사람 앞에서 여러 차례 친밀감을 강조했습니다. 또한 '당신은 위대한 사람이고 위대한 지도자다' '한국은 당신과 함께 더 높은 곳에서 놀라운 미래를 갖게 될 것이다' '난 언제나 당신과 함께 있다'라는 메시지를 직접 써서 이 대통령에게 전달하기도 했습니다. 이 대통령은 트럼프 대통령에게 우리 둘은 비슷한 배경을 가지고 있다면서 과거 암살 위협으로 인해 목숨을 잃을 뻔했던 상황을 언급했습니다. 이에 대해 트럼프 대통령은 깊이 공감하면서 상세한 이야기를 나누었습니다.
한편 트럼프 대통령은 한국의 여성 프로골퍼들이 왜 그리 실력이 좋은지 비결을 물었고, 이에 이재명 대통령은 아마도 손재주가 좋은 민족적 특성과 연관이 있는 듯하다고 답했습니다. 그러자 트럼프 대통령은 한국의 여성 프로골퍼들이 해가 뜰 때부터 해가 진 다음까지 종일 연습을 한다고 들었다면서 열심히 연습을 하기 때문에 세계적 수준의 선수가 되는 것 같다며 감탄했습니다.
트럼프 대통령은 함께 자리한 참모진들의 이름표에 직접 사인을 해주면서 식탁 위에 올려둔 메뉴 소개가 모두 사람들이 손으로 직접 쓴 캘리그라프라면서 메뉴에도 직접 자신의 사인을 해주었습니다. 조지 워싱턴 링컨 등 역대 미국 대통령들의 초상화를 직접 소개해 주었고, 이재명 대통령이 이시바 총리의 사진첩에서 봤다고 언급한 트럼프 대통령의 피습 사진이 실린 책을 선물하기도 했습니다. 또한 모든 참석자들을 기프트룸으로 안내해 마음에 드는 모자와 골프공, 골프핀, 와이셔츠 커프스핀 등을 고르도록 하고 한 번 더 사인을 해주었습니다. 사인을 해주기 위해 집무실 책상에 앉은 트럼프는 자신의 기념 동전을 꺼내 참모진들에게 또 한 번 선물했습니다. 그러면서 '김정은을 만나라고 한 지도자는 처음이다' '이재명 대통령은 정말 스마트한 사람이다' '똑똑한 사람이다'라고 여러 번 말했습니다.
예정보다 길게 진행된 오찬 회의를 아쉬워하며 마친 트럼프 대통령은 대단한 진전, 대단한 사람들, 대단한 협상이었다면서 이재명 대통령과 기분 좋게 인사를 나누었습니다.""",2025-08-26,정치
4,"국힘 새 대표 장동혁 ""이재명 정권 끌어내릴 것""[뉴스1 PICK]",https://n.news.naver.com/mnews/article/421/0008448190,뉴스1,송원영 기자,"'반탄파' 장동혁, ""새로운 미디어 환경의 승리""
결선투표서 22만302표 득표…김문수 21만7935표
장동혁 국민의힘 신임 당대표가 26일 오전 서울 여의도 국회 도서관에서 열린 제6차 전당대회 결선에서 당기를 흔들고 있다. 2025.8.26/뉴스1 ⓒ News1 국회사진기자단
국민의힘 당 대표로 선출된 장동혁 후보가 26일 국회 도서관에서 열린 전당대회 결선장에서 인사말을 하고 있다. 2025.8.26/뉴스1 ⓒ News1 국회사진기자단
장동혁 국민의힘 신임 당대표가 26일 오전 서울 여의도 국회 도서관에서 열린 제6차 전당대회 결선에서 신임 지도부와 함께 파이팅을 외치고 있다. 2025.8.26/뉴스1 ⓒ News1 국회사진기자단
장동혁 국민의힘 신임 당대표가 26일 오전 서울 여의도 국회 도서관에서 열린 제6차 전당대회 결선에서 김문수 당대표 후보와 기념촬영을 하고 있다. 2025.8.26/뉴스1 ⓒ News1 국회사진기자단
장동혁 국민의힘 신임 당대표가 26일 오전 서울 여의도 국회 도서관에서 열린 제6차 전당대회 결선에서 당기를 흔들고 있다. 2025.8.26/뉴스1 ⓒ News1 국회사진기자단
(서울=뉴스1) 송원영 기자 = 국민의힘을 이끌 새 대표에 재선 장동혁 의원이 선출됐다.
장 신임 대표는 26일 국회 도서관에서 열린 제6차 전당대회 당 대표 결선투표에서 22만 301표를 얻어 함께 결선 투표에서 맞붙은 김문수 후보를 2천366표 차로 따돌리고 1위에 올랐다.
장 신임 대표는 경선과 결선 과정에서 '찬탄파'와의 단절 기조를 일관되게 내세우며 전한길 씨 등 '윤 어게인' 강경 지지층과 반탄파 결집에 집중했다.
반면 김문수 후보는 결선에서 찬탄파 포용을 통한 외연 확장을 시도해 차별화 했으나, 당심 결집에서 장 후보가 우위를 점한 건이 승리 요인으로 분선된다.
장 대표는 수락 연설에서 ""당원 여러분이 만들어 주신 승리, 그리고 새로운 미디어 환경이 만들어낸 승리""라며 ""당원만 믿고 도전핶고, 그 믿음에 따른 선택에 감사드린다""고 말했다.
이어 ""바른 길이라면 굽히지 않고 전진하겠다. 이재명 정권을 끌어내리는 데 모든 것을 바치겠다""고 밝혔다.
또한 ""당원들께서 저를 당대표로 선택한 것이 혁신의 시작""이라며 ""국민의힘을 혁신해 미래로 나아가겠다. 무거운 짐을 맡겨준 당원들과 끝까지 함께하겠다""고 호소했다.
충남 보령·서천이 지역구인 장 의원은 22대 국회에서 재선에 성공했다. 지난 대선에선 김문수 후보 중앙선거대책위원회 종합상황실장으로 당 선거운동을 진두지휘했다.
이번 결선투표의 당원 투표율은 46.55%로, 당원 투표 결과 80%와 일반 국민 여론조사 결과 20%가 반영됐다.
장동혁 국민의힘 신임 당 대표가 26일 서울 여의도 국회도서관에서 열린 국민의힘 제6차 전당대회 결선에서 선출된 뒤 송언석 비상대책위원장 겸 원내대표를 비롯한 당 지도부와 함께 파이팅 구호를 외치고 있다. 2025.8.26/뉴스1 ⓒ News1 국회사진기자단
장동혁 국민의힘 신임대표가 26일 서울 여의도 국회도서관에서 열린 국민의힘 제6차 전당대회 결선에서 당대표로 선출된 뒤 김문수 후보와 손을 들어 인사하고 있다. 202559826 ⓒ News1 국회사진기자단
국민의힘 장동혁 신임 당대표가 26일 오전 서울 여의도 국회 도서관에서 열린 제6차 전당대회 결선에서 당기를 흔들고 있다./2025.8.26. 국회사진기자단 2025.8.26/뉴스1 ⓒ News1 국회사진기자단
국민의힘 당 대표로 선출된 장동혁 후보가 26일 국회 도서관에서 열린 전당대회 결선장에서 발표 직후 기뻐하고 있다. 2025.8.26/뉴스1 ⓒ News1 국회사진기자단
장동혁 국민의힘 신임 당대표가 26일 오전 서울 여의도 국회 도서관에서 열린 제6차 전당대회 결선에서 당기를 흔들고 있다. 2025.8.26/뉴스1 ⓒ News1 국회사진기자단",2025-08-26,정치
5,문재인 전 대통령 만난 조국…이번 주도 광폭 행보 예고,https://n.news.naver.com/mnews/article/009/0005546885,매일경제,한수진 기자,"노무현 전 대통령 묘역 참배, 26일 호남 찾아
더불어민주당, “성급하면 실패” 연일 견제구
혁신당 “8개월간 자숙·성찰…과도한 견제”
조국  조국혁신당 혁신정책연구위원장이 지난 24일 오후 경남 양산시 하북면 평산마을 문재인 전 대통령 사저에서 내부로 이동하고 있다. 
지난 주말 문재인 전 대통령을 예방한 조국 조국혁신당 혁신정책연구원장이 25일 노무현 전 대통령 묘역을 참배하며 이번 주에도 본격적인 정치 행보를 이어간다. 더불어민주당은 ‘자중론’에 불을 지피며 연일 견제구를 날리고 있지만, 혁신당에서는 ‘과도한 견제’라며 반발하고 있다.
25일 혁신당에 따르면 조 원장은 이날 경남 김해 봉하마을을 찾아 노무현 전 대통령 묘역을 참배한 뒤 권양숙 여사를 예방할 예정이다.
오는 26일부터는 2박 3일 일정으로 호남을 찾아 당원들과 소통하며 지지층 결집에 나설 것으로 보인다.
또 전날에는 지난해 창단을 선언한 부산민주공원에서 참배한 뒤 경남 양산 평산마을을 찾아 문재인 전 대통령을 예방했다.
조 원장은 “창당 초심을 돌아보기 위해 방문했다”며 “중도 보수로 자리매김한 이재명 정부에 비어있는 왼쪽, 좌완 투수가 되겠다”고 선언했다.
또 일각에서 제기되는 ‘자중론’에 대해선 “전 당대표로서 역할을 하는 게 반드시 필요하다”며 “국민께서 제게 요구하는 바에 따라 저의 쓰임과 효용이 있다면, 그 역할을 다하기 위해서 몸을 던질 것”이라고 강조했다.
민주당 “겸허하게 때를 기다려달라” 목소리
창당 선언했던 부산민주공원 찾은 조국 
이처럼 조 원장이 광복절 특별사면으로 출소한 뒤 광폭 행보를 이어가자 민주당 안팎에선 ‘자숙해야 한다’는 요구가 쏟아지고 있다.
박지원 민주당 의원은 “호남은 민주당이나 조국혁신당을 같은 시각으로 본다”면서도 “소탐대실로 기초 단체장과 지방의원 몇 석을 확보한다고 혁신당이 민주당 되는 것은 아니다”라고 지적했다.
그러면서 “(혁신당이) 만약 광역단체장도 출마시킨다면 결과는 뻔하고 언론은 분열로 분석하리라 판단한다”며 “신중해야 한다. 성급하면 실패한다”고 했다.
같은당 강득구 의원도 “조 전 대표가 성찰할 시간이 필요하다고 생각했는데 나오자마자 개선장군인 것처럼 ‘언제 출마하겠다’ 등의 메시지를 낸다”며 “조금은 더 자숙과 성찰의 시간이 필요하다. 겸허하게 때를 기다려 달라”고 우려했다.
혁신당 “견제로 활동 위축…국힘에 힘 실을 뿐”
이같은 자중론이 이어지자 혁신당은 “진영 내 과도한 견제로 활동을 위축시키는 것은 오히려 국민의힘의 부당한 주장에 힘을 실을 뿐”이라는 입장을 밝혔다.
서왕진 조국혁신당 원내대표. 
서왕진 혁신당 원내대표는 이날 최고위원회의에서 “2019년 검찰 쿠데타로 온 가족이 고초를 겪었으나, 끝내 살아남아 조국혁신당을 창당한 사람이 조국”이라며 “윤석열 검찰독재와의 전투에서 민주당과 함께 선봉에 섰던 인물에게 ‘자숙’을 다시 강요하는 것은 서글픈 일”이라고 역설했다.
서 원내대표는 “조국 원장은 8개월간 감옥에서 이미 강제로 자숙과 성찰의 시간을 보냈다”며 “그를 평가하는 기준은 검찰이 제멋대로 덧칠한 과거가 아니라 앞으로 보일 정치적 비전과 행보가 되어야 한다”고 강조했다.
그러면서 “호남은 지금 민주당이 미뤄온 진보개혁 진영 내부의 혁신과 역량 강화를 절실히 기대하고 있다”며 “조국혁신당은 중앙정치에서는 민주당의 왼쪽 날개로, 호남에서는 철저한 혁신 경쟁자로 자리매김할 것”이라고 말했다.
또 그는 “다른 지역에서는 국민의힘을 고립시키기 위한 민주개혁 진영의 연대와 협력에 앞장서겠다”며 “조국 원장을 향한 애정 어린 우려는 이해한다. 그러나 과도한 견제로 활동을 위축시키는 것은 국민의힘의 주장에 힘을 실어줄 뿐”이라고 주장했다.",2025-08-26,정치
6,"송언석 “한미정상회담, 역대급 외교참사…홀대까지 받아”",https://n.news.naver.com/mnews/article/029/0002977961,디지털타임스,윤상호 기자,"“문재인 중국 혼밥 뛰어넘어”…“철강·알루미늄 등 답변 못 받아”
“농산물 개방 수준에 대한 답도 없어”
송언석 국민의힘 비상대책위원장 겸 원내대표가 26일 서울 여의도 국회도서관에서 열린 제6차 전당대회 결선에서 인사말을 하고 있다. 
송언석 국민의힘 비상대책위원장 겸 원내대표가 26일 “한미정상회담은 한 마디로 역대급 외교참사였다”고 비판했다.
송 위원장은 이날 국회 도서관에서 국민의힘 전당대회 당대표 최종 발표 행사 모두발언을 통해 “외향적 측면에서 제대로 환대받지 못하고 홀대를 받았다”며 “한때 문재인 전 대통령이 중국에 가서 혼밥을 한다고 했는데 그 수준을 훨씬 뛰어넘었다”고 지적했다.
이어 “내용적으론 우리가 관심을 가진 철강과 알루미늄 등에 대해 제대로 된 답변을 받지 못했다”며 “농산물 개방 수준도 국민들이 궁금해 하는데 이에 대한 답이 없다”고 말했다.
그러면서 “굴종외교와 역대급 외교 참사라는 얘기가 나올 정도”라며 “이 대통령 (취임) 석달이 안 된 시점에서 국정 어느 곳을 봐도 정상적으로 작동되는 것이 없다”고 비판했다.
앞서 이 대통령은 25일(현지시간) 미국 워싱턴DC를 방문해 도널드 트럼프 미국 대통령과 한미정상회담을 진행했다.",2025-08-26,정치
7,의도된 전략?  펜 하나로 분위기 전환… 트럼프 “만족”,https://n.news.naver.com/mnews/article/014/0005396568,파이낸셜뉴스,이병철 기자,"이재명 대통령이 25일(현지 시간) 미국 워싱턴DC 백악관에서 '한미동맹의 황금시대 강하고 위대한 미래가 새로 시작됩니다'라는 방명록을 남겼다. 사진=뉴시스화상
【뉴욕=이병철특파원】
도널드 트럼프 미국 대통령이 이재명 대통령의 펜에 관심을 보였다. 이에 이 대통령은 자신의 펜을 즉석에서 선물했고, 트럼프 대통령은 만족감을 드러냈다.
이재명 대통령은 25일(현지시간) 워싱턴DC 백악관을 방문해 방명록에 글을 남겼다. 이를 지켜보던 트럼프 대통령은 한글에 대해 이 대통령에게 질문했다. 트럼프 대통령은 “한국어는 어렵다”며 “영어와 한국어 중 어떤 언어가 더 정확하냐”고 물었다. 이에 이 대통령은 “컴퓨터로 쓰기에는 한국어가 낫고, 말하기에는 영어가 낫다”고 답했다.
이후 트럼프 대통령은 이 대통령의 펜을 유심히 살펴보며 “대통령의 펜이냐, 직접 가져온 것이냐”고 물었다. 이어 “가져갈 것이냐”고도 질문했다. 그러자 이 대통령은 펜을 즉석에서 선물했다.
트럼프 대통령은 다시 “두께가 마음에 든다”며 “한국에서 만든 것이냐”고 물었다. 이에 이 대통령은 “대통령께서 하시는 어려운 서명에 유용한 펜이 될 것”이라고 말했다.
한편 이 대통령은 방명록에 ""한미동맹의 황금시대 강하고 위대한 미래가 새로 시작됩니다""라고 남겼다.",2025-08-26,정치
8,"李 ""국방비 증액하겠다…2만8500명 주한미군 안전하게 할 것"" [한·미 정상회담]",https://n.news.naver.com/mnews/article/025/0003464377,중앙일보,"오현석 기자, 윤성민 기자","이재명 대통령은 25일(현지시간) 미국 워싱턴DC의 싱크탱크 전략국제문제연구소(CSIS)에서 한 연설에서 “국방비를 증액하겠다”고 밝혔다. “한국은 한반도의 안보를 지키는 데 있어 보다 주도적인 역할을 해나갈 것”이라면서다.
미국은 그동안 한국에 국방비 증액을 요구해왔다. 위성락 대통령실 안보실장은 지난 6월 26일 미국이 북대서양조약기구(NATO·나토)와 유사한 수준으로 국방비를 증액하라는 요구를 하고 있다고 처음 밝혔다. 나토는 2035년까지 국방비 지출을 국내총생산(GDP)의 5% 수준으로 올리기로 했다. 이후 정부는 명확하게 국방비 증액 의사를 밝히지 않았다.
이재명 대통령이 25일(현지시간) 미국 워싱턴DC 국제전략문제연구소(CSIS)에서 정책 연설을 하고 있다. 연합뉴스
그러다 이 대통령이 처음으로 국방비 증액 의사를 분명히 밝힌 것이다. 이 대통령은 이를 ‘한·미동맹 현대화’의 일환이라고 했다. 다만 국방비를 어느 정도까지 늘릴지는 언급하지 않았다. 이 대통령은 “늘어난 국방비는 우리 군을 21세기 미래전에서 반드시 승리하는 스마트 강군으로 육성하기 위한 첨단 과학기술과 자산을 도입하는 데 사용될 것”이라고 했다. 미국 무기 구매를 늘리겠다고 예고한 것이다.
이 대통령은 “정상회담에서 도널드 트럼프 미국 대통령은 대한민국의 국방 역량 강화 노력을 적극 지원하고 한·미 간 첨단 방산 협력을 더욱 확대해 나가겠다는 의사를 밝혔다”는 점도 부연했다.
이재명 대통령이 25일(현지시간) 미국 워싱턴DC 국제전략문제연구소(CSIS)에서 정책 연설 뒤 존 햄리 CSIS 소장의 질문에 답하고 있다. 연합뉴스
이 대통령은 “한국은 핵확산금지조약(NPT) 체제를 준수하며 비핵화 공약을 철저히 지킬 것”이라는 점을 분명히 했다. 이 대통령의 한국 비핵화 선언은 한·미원자력협정 개정 논의와도 맞물려 있다. 한국은 협정 개정을 통해 농축 시설과 재처리 시설을 갖춰 핵무기용 플루토늄 추출의 잠재 역량을 갖기를 원하고 있지만, 미국 정부는 그동안 난색을 표해왔다.
이 대통령은 “한·미 양국은 북한 도발에 강력히 대응할 것”이라고 밝혔다. 그러면서도 “이와 동시에 북한과의 대화를 위한 노력도 병행할 것”이라고 했다. 이 대통령은 “(그래야) 한국 내 약 20만 명의 미국인들과 2만8500명의 주한미군이 더욱 안전해지고, 양국 국민의 일상도 더욱 번영할 것”이라고 덧붙였다. 미국 내에서 주한미군 감축 필요성이 거론되고 있지만, 이 대통령은 주한미군 현 수준인 2만8500명을 명시했다.
이재명 대통령이 25일(현지시간) 미국 워싱턴 DC 백악관에서 영접나온 도널드 트럼프 미국 대통령과 악수하고 있다. 공동취재
이 대통령은 준비된 원고에 앞서 한국의 민주주의 회복력을 언급했다. 이 대통령은 “대한민국은 잠시 위기를 겪었다”며 “대한민국과 같은 나라에서 비상계엄, 쿠데타 상상하기 어려웠을 것”이라고 말했다. 그러면서 “(세계는) 정치적 위기를 국민의 평화적 문화적 행동을 통해 이겨나가는 것을 보고 대한민국 민주주의 회복력에 놀랐을 것”이라고 했다. 이 대통령은 “지금까지 교과서에서 민주주의 원형을 그리스 아테네로 배웠지만, 아마도 현장의 민주주의 실제 모습은 1924년(2024년을 잘못 말함) 겨울의 서울이 되지 않을까 생각한다”고 했다.
이 대통령은 연설 이후 질의응답 시간에 한·미 정상회담에 대한 소회를 밝혔다. 트럼프 대통령이 회담 3시간 전 소셜미디어에 “(한국에서) 숙청이나 혁명이 벌어지는 것 같다”고 쓰자, 이 대통령 참모들은 지난 2월 볼로디미르 젤렌스키 우크라이나 대통령이 백악관에서 쫓겨나다시피 한 것과 비슷한 상황이 발생할 것을 우려했다고 한다. 그러나 이 대통령은 “저는 이미 (트럼프 대통령이) 그러지 않을 거라는 점을 알고 있었다”며 “한·미 동맹은 매우 중요해서 거기에 큰 상처 내는 일은 벌어지지 않을 거라고 제가 확신했다”고 말했다.
이 대통령은 정상회담 결과에 대해 “아주 좋았다”며 “회의나 식사 시간의 대화는 매우 진지하게 협력적으로 이뤄졌다”고 밝혔다. 또 “우리가 기대했던 것보다 훨씬 많은 것들에 대해 대화하고, 양해하고, 격려받았다”며 “예정된 시간보다 많은 시간을 대화했다”고 강조했다.
이재명 대통령이 25일(현지시간) 미국 워싱턴DC 백악관 오벌 오피스에서 도널드 트럼프 미국 대통령과 한미정상회담을 하고 있다. 대통령실사진기자단
이 대통령은 중국과의 경제 협력과 미국과의 안보 협력을 병행하는 이른바 ‘안미경중’(安美經中)에 관한 질문을 받고 현재는 그럴 수 없는 상황이라고 답했다. 이 대통령은 “미국이 중국에 대한 강력한 견제, 심하게 말하면 봉쇄 정책을 본격 시작하기 전까지 한국은 ‘안보는 미국, 경제는 중국’이라는 입장을 가져왔던 것이 사실”이라며 “최근 몇 년 사이 자유 진영과 중국을 중심으로 한 진영 간 공급망 재편이 본격적으로 벌어지고 미국의 정책이 명확하게 중국을 견제하는 방향으로 갔다”고 말했다.
그러면서 “이제는 한국도 미국의 기본적인 정책에서 어긋나게 행동하거나 판단할 수 없는 상태”라며 “(중국의 경우) 지리적으로 매우 가까운 데서 생겨나는 불가피한 관계를 잘 관리하는 수준으로 유지하는 상황”이라고 밝혔다.",2025-08-26,정치
9,'친윤·반탄' 장동혁호 출항…'찬탄' 인적청산 속 대여 강경투쟁,https://n.news.naver.com/mnews/article/001/0015586678,연합뉴스,최평천 기자,"'윤어게인' 세력과 장외 연대 가능성도…찬탄·친한 반발에 내홍 우려
조속한 갈등 수습·전열정비 성공할까…지방선거 앞둔 지지율 반등도 과제
국민의힘 제6차 전당대회, 비전 발표하는 장동혁 후보
(청주=연합뉴스) 황광모 기자 = 국민의힘 당 대표 선거에 출마한 장동혁 후보가 22일 충북 청주시 흥덕구 청주오스코에서 열린 국민의힘 제6차 전당대회에서 비전 발표를 하고 있다. 2025.8.22  hkmpooh@yna.co.kr
(서울=연합뉴스) 최평천 기자 = 제1야당인 국민의힘을 이끌 수장으로 친윤(친윤석열)계이자 반탄(윤석열 전 대통령 탄핵 반대)파인 장동혁 대표가 26일 선출됐다.
6·3 대선 패배 후 반탄과 찬탄(윤석열 전 대통령 탄핵 찬성)으로 나뉘어 분열상을 노출했던 국민의힘을 이끌어갈 키가 강경 노선을 표방한 반탄 대표의 손에 쥐어진 것이다.
장 신임 대표는 거대 여당의 입법 드라이브와 특검 수사라는 외풍에 맞서 당을 끌어가기 위해 그간 리더십 부재 속에 빚어진 혼돈을 수습하고 단일대오를 구축해야 하는 과제를 안고 있다.
그가 강조한 특단의 수습책은 인적 청산이다. 친한(친한동훈)계를 비롯한 찬탄파를 정리함으로써 선명성을 강화하고 당 안팎의 도전에 맞서 전열을 가다듬을 수 있다는 것이다.
장 대표는 전당대회 내내 찬탄파인 안철수·조경태 의원과 선명하게 대립각을 세우며 이들을 인적 청산의 대상으로 지목했다. '당내 내란 동조 세력이 있다'고 발언한 친한계인 조 의원에 대해서는 출당 가능성까지 거론하며 자진 탈당을 압박하기도 했다.
장 대표는 ""밖의 적 50명보다 안의 적 1명이 더 위험하다""며 당론을 어기는 인사들을 소위 '내부총질자'로 규정했다.
앞서 찬탄파가 당론을 어기고 윤 전 대통령 탄핵소추안에 찬성하면서 탄핵이 결정됐고, 조기 대선 패배를 불러왔다는 인식 아래 이들에 대한 책임을 물어야 한다는 것이다.
장 대표는 당 대표 선거에서 최종 선택을 받은 것이 찬탄 세력에 대한 인적 청산을 원하는 당심을 고스란히 대변한다는 입장이다.
안·조 의원은 대표 선거 결선에 오르지 못한 데다 결선 상대였던 김문수 전 고용노동부 장관이 찬탄파에 유화적 메시지를 냈지만 결과적으로 강경 노선을 고수한 장 대표에게 승리가 돌아갔다는 점에서다.
장 대표는 자신이 선결 과제로 꼽은 내부 정리가 '잘 싸우는 야당'을 만들어 대여 투쟁을 본격적으로 전개하는 데 목적이 있다고 보고 있다.
내부 정리가 진행되면 화력을 이재명 정권과 싸우는 데 집중하겠다고 장 대표는 예고한 바 있다.
장 대표는 비상계엄의 배경에 민주당의 '줄탄핵'과 '줄특검'이 있다며 민주당의 주장대로 계엄이 내란일 경우 민주당 정청래 대표는 '내란 교사범'이라는 공세를 펴기도 했다. 이는 윤 전 대통령 지지층의 주장과 일맥상통한다.
이에 비춰 장 대표가 '윤어게인' 등으로 대표되는 강경 보수 세력의 손을 잡고 대여 투쟁에 나설 것이라는 관측이 나온다. 이미 장 대표는 ""우파 국민이 총단결해 단일대오로 투쟁해야 한다""며 장외 세력의 투쟁에 함께하겠다는 뜻을 밝힌 바 있다.
장 대표는 전대 기간 극우 논란이 있는 전한길 씨 등 보수 유튜버가 진행한 유튜브 방송에 출연했으며 전씨에 대해 ""당을 지키고 정권을 지키자고 함께 싸운 사람""이라고 평가하기도 했다.
이 때문에 장 대표 체제에서 국민의힘이 벌일 대여투쟁의 전장은 국회에서 광화문으로 옮겨갈 수 있다는 관측까지도 뒤따른다.
한편으로는 장 대표 주도로 찬탄파를 겨냥한 인적 청산과 장외 세력 연대가 본격화할 경우 내홍이 격화할 수 있다는 우려가 나온다.
특정 인사를 지목한 인적 청산은 찬탄파나 친한계 등 일부 당내 세력의 격한 반발을 부를 수 있어서다.
당의 외연 확장과 중도층 민심 회복을 위해 전씨 등을 비롯한 윤어게인 세력과 선을 그어야 한다는 친한계의 목소리는 이로 인해 더욱 커질 가능성도 점쳐진다.
한동훈 전 대표가 결선 투표 과정에서 사실상 김 전 장관을 지지했다는 점도 장 대표와 친한계가 화해를 시도하기보다 충돌할 가능성이 높다고 보는 요인으로 꼽힌다.
약 20명의 의원이 친한계로 분류되는 상황에서 탄핵 국면부터 이어진 당내 옛 주류 세력과 친한계 간의 지리멸렬한 공방이 되풀이될 수 있다.
따라서 장 대표가 이 같은 내홍을 최소화하면서 대여 투쟁에 집중할 수 있는 당내 환경을 조성할 수 있을지가 대표 리더십의 시험대가 될 것으로 보인다.
장 대표의 내년 지방선거를 앞두고 곤두박질친 당 지지율을 끌어올려야 하는 과제도 놓여있다.
당심은 반탄파인 장 대표를 선택했지만, 여전히 국민 여론에서는 윤 전 대통령 탄핵에 찬성하는 목소리가 큰 만큼 민심과 당심의 괴리를 줄여나가려는 노력이 필요하다는 진단도 뒤따른다.
장 대표 취임 후에도 지지율이 반등하지 않을 경우 반탄 대표의 한계와 책임론을 지적하는 목소리가 제기될 가능성도 남아 있다.
pc@yna.co.kr",2025-08-26,정치
0,"신세계 강남점, 6000평 대규모 식품관 완성…'프리미엄 델리' 오픈",https://n.news.naver.com/mnews/article/277/0005641916,아시아경제,이민지 기자,"1200평 규모 프리미엄 델리 전문관 열어
최정상급 F&B 전문가 협업…'프리미엄 델리'
'베통 키츠네트', '고디바 크레페' 등 첫 선
신세계 강남점이 지하 1층에 약 1200평 규모의 프리미엄 델리 전문관을 오픈하며, 국내 백화점 업계 최대 6000평 규모의 식품관을 완성했다고 25일 밝혔다.
신세계백화점 강남점 델리코너 조감도. 신세계백화점 제공.
신세계백화점 강남점은 지난해 2월 '스위트 파크', 같은 해 6월 '하우스 오브 신세계', 지난 2월 '신세계 마켓'에 이어 네 번째 리뉴얼을 끝마쳤다. 지난 2년간 진행된 강남점 식품관 프로젝트의 영업 면적을 모두 합하면 국내 최대인 6000평에 달한다. 정식 오픈일은 오는 29일이다.
이번에 새롭게 문을 여는 델리 전문관은 신세계가 각 분야 최정상급 F&B 전문가들과 협업한 ▲프리미엄 델리 전문관과 고객 개개인의 목적에 맞게 건강식품을 제안하는 ▲건강 전문관, 유명 양조장과 협업한 ▲전통주 전문관으로 구성됐다.
프리미엄 델리 전문관은 기존 간편식 수준을 넘어 아시안, 한식, 양식 등 다양한 분야의 고급 레스토랑에 버금가는 식사를 선사하는 '델리의 신세계'를 펼친다. 아시안 장르는 지역을 한층 세분화한 것이 특징이다. 싱가폴, 태국, 중국, 베트남 등 현지색이 가득 담긴 메뉴들을 한데 모았다. 상가폴식 레시피의 미쉐린 빕그루망 '윈디그리노스', 태국 전통 메뉴를 선보이는 '남스 델리', 흑백요리사 출신 중식대가 여경래 쉐프와 협업한 상하이 명물 만두(성지엔빠오)를 현장에서 직접 만들어주는 '구오 만두' 등 아시아 대표 여행지 인기 메뉴들을 만날 수 있다.
각 지역의 '오픈런 브랜드'도 국내에 처음으로 들여온다. 교토, 나고야, 도쿄 등에서 현지인들도 1시간씩 기다려야 먹을 수 있는 일본 대표 오니기리 전문 매장인 '교토 오니마루', 베트남 하노이 현지 유명 건강식 레스토랑인 '블루 버터플라이'가 이번 전문관에 국내 1호점을 각각 연다.
한식 장르에서는 미쉐린 1스타 레스토랑 오너 쉐프이자 흑백요리사 출신 김도윤 쉐프의 한식 면요리 전문 브랜드 '서연', 제주 인기 음식점 숙성도의 숯불 돼지 덮밥 브랜드 '화돈점정'을 오픈한다. 양식 장르에선 기존 간편식 수준을 넘어 슈퍼 푸드, 저속 노화 등 최신 트렌드를 반영한 메뉴를 대거 늘렸다. 제철 채소만 엄선해 샐러드바처럼 원하는 재료를 담아 구매할 수 있는 '베지 스튜디오'를 국내 최초로 열고, 흑백요리사 출신 안유성 명장의 포케, 샐러드 전문점 '와사비 그린'도 첫선을 보인다.
유러피안 고급 식재료와 현지의 레시피를 활용해 건강한 미식을 제안하는 프리미엄 브랜드 '베키아에누보 가스트로' 첫 매장도 연다. 특급 호텔 출신 셰프가 직접 개발한 고급 디핑 소스와 샐러드, 샌드위치 등을 비롯해 총 30여종의 메뉴를 통해 마치 유럽 현지에서 먹는 듯한 느낌을 선사한다. 소금빵 전문 브랜드 베통에서 계절 메뉴를 새롭게 선보이는 '베통 키츠네트', 벨기에 프리미엄 초콜릿 브랜드 고디바의 크레페 매장인 '고디바 크레페' 등도 국내 최초로 정식 매장을 연다.
신세계백화점 강남점 전경. 신세계백화점 제공.
건강 전문관은 업계 최초로 고객의 구매 목적에 맞게 상품을 구매할 수 있는 큐레이션 전문 매장으로 꾸몄다. 건강 보조식품을 판매하는 '건강 전문관'서는 스포츠, 수면, 스트레스 등 다양한 상황에 맞춘 상품을 선보이고, '웰니스바'에서도 테아닌, 초유 단백질, 저분자 콜라겐 등 프리미엄 원료를 담은 음료들을 판매한다.
전통주 전문관서는 전주이강주, 문배주양조원 등 각 지역을 대표하는 양조장과 협업해 약 200여종에 달하는 전통주와 수천만원에 이르는 초고가 상품도 선보이는 등 우리 술에 대한 우수성을 널리 알린다. 또한 유명 아티스트들이 직접 만든 인기 전통주인 압구정 막걸리, 아이긴 애플 진, 경탁주, BOONZA 등을 다양하게 소개한다.
신세계 강남점 식품관은 이번 프로젝트 완성을 통해 대한민국 초격차 식품관을 넘어 '글로벌 미식 데스티네이션'으로 거듭날 것으로 기대를 모으고 있다. 프리미엄 델리 전문관 오픈으로 완성된 식품관은 바로 옆 센트럴시티 파미에 스테이션과 함께 1만평 규모까지 확장해 대한민국 맛집을 총망라하고 '미식의 정점'을 경험할 수 있는 공간이 될 전망이다.
최원준 신세계백화점 식품담당 상무는 ""신세계 강남점 식품관 완성은 8년여간의 도전과 혁신이 만든 결과물로, 대한민국 미식 수준을 한 단계 끌어올린 상징적인 성과""라며 ""앞으로도 신세계백화점은 차별화된 콘텐츠와 서비스 혁신을 이어가며 오프라인 공간만이 줄 수 있는 가치를 제시해나갈 것""이라고 말했다.",2025-08-26,경제
1,"두산에너빌리티, 아마존과 SMR 협력 MOU",https://n.news.naver.com/mnews/article/016/0002519281,헤럴드경제,한영대 기자,"아마존·엑스-에너지·한수원 등과 체결
SMR 설계, 건설 등에 협력 예정
美 에너지 개발사인 페르미와도 MOU
대형원전, SMR 협업 계획
박지원 회장 “제조 역량 바탕으로 성실히 수행”
25일(현지시각) 미국 워싱턴 D.C.에서  열린 한미 비즈니스 라운드 테이블 직후 진행된 SMR 사업협력 MOU 체결식에서 참석자들이 기념촬영을 하고 있다. 왼쪽부터 김정관 산업통상자원부 장관, 박지원 두산에너빌리티 회장, 황주호 한수원 사장, 클레이 셀 엑스-에너지 CEO, 섀넌 켈로그 AWS 부사장, 하워드 러트닉 미국 상무부 장관. 
두산에너빌리티가 미국에서 글로벌 기업들과의 협업을 통해 소형모듈원자로(SMR) 사업 참여에 속도를 내고 있다.
두산에너빌리티는 25일 미국 워싱턴 D.C에서 열린 한미 비즈니스 라운드 테이블에서 아마존웹서비스(이하 AWS), 미국 SMR 개발사인 엑스-에너지, 한국수력원자력(이하 한수원)과 SMR 사업협력을 위한 양해각서(MOU)를 체결했다고 26일 밝혔다.
이날 MOU에는 박지원 두산에너빌리티 회장, 섀넌 켈로그 AWS 부사장, 클레이 셀 엑스-에너지 CEO(최고경영자), 황주호 한수원 사장 등 주요 경영진이 참석했다.
4개사는 이번 협약에 따라 SMR 설계·건설·운영·공급망 구축·투자·시장 확대 등에 협력한다. 특히 AWS가 약 7억달러(약 9740억원)를 투자한 5GW(기가와트) 규모 SMR 상용화 추진 과정에서 긴밀히 협력할 계획이다. 이는 엑스-에너지의 80㎿(메가와트)급 SMR 64기에 해당하며, 2039년까지 AWS AI 데이터센터 전력 공급에 활용될 예정이다.
박지원 회장은 “양국 정부의 관심과 지원 속에 SMR 사업화 속도를 높이는 계기를 마련하게 돼 뜻깊게 생각한다”며 “이번 협약이 양국 에너지 산업 협력의 모범 사례가 될 수 있도록 두산의 검증된 제조 역량을 바탕으로 역할을 성실히 수행하겠다”고 말했다.
두산에너빌리티는 2023년 엑스-에너지에 지분을 투자, 핵심 기자재 공급사로서 협력관계를 구축해 왔다. 엑스-에너지는 미 에너지부 지원을 받아 텍사스주에서 다우케미칼과 초도호기 사업을 추진 중이다. DOE는 총 12억달러를 투입해 엑스-에너지 SMR 실증을 지원하고 있다.
두산에너빌리티는 같은 날 미국 에너지 개발사업자인 페르미 아메리카와도 원전·SMR 협력을 위한 MOU를 체결했다.
양사는 페르미 아메리카가 미국 텍사스 주에 추진 중인 AI 캠퍼스 프로젝트에 공급할 대형 원전과 SMR 관련 포괄적 협력 관계를 구축할 예정이다. 해당 프로젝트는 대형 원전 4기(총 4GW), SMR, 가스복합발전, 태양광, 대규모 배터리에너지저장시스템(BESS) 등을 결합해 최대 11GW 규모의 독립 전력 인프라와 세계 최대 규모 AI 데이터센터를 구축하는 사업이다.
두산에너빌리티 관계자는 “연이은 협약을 계기로 미국 원전·SMR 시장 진출을 더욱 가속화해 글로벌 에너지 시장에서 입지를 강화할 계획”이라고 말했다.",2025-08-26,경제
2,"한섬, 佛 백화점서 러브콜 … “글로벌 패션시장 공략 박차”",https://n.news.naver.com/mnews/article/366/0001102863,조선비즈,김은영 기자,"타임 파리, 사마리텐百서 첫 글로벌 팝업스토어 운영
시스템옴므, 내년 초 라파예트百 정식 입점
시스템 파리 플래그십스토어 전경. /한섬 제공
현대백화점그룹 계열 패션전문기업 한섬은 패션 브랜드 ‘타임 파리’와 ‘시스템옴므’가 프랑스 파리의 백화점 사마리텐, 갤러리 라파예트와 입점 계약을 체결했다고 26일 밝혔다.
한섬은 오는 30일부터 두 달간 사마리텐 백화점에 타임 파리의 첫 글로벌 팝업스토어(임시 매장)를 선보인다. 사마리텐은 150년 전통의 프랑스 대표 백화점 중 하나다. 명품 그룹 루이비통모에헤네시(LVMH)가 인수한 뒤 약 1조원의 리뉴얼(재단장) 비용을 투자해 2021년 재개장했다.
이번 팝업은 사마리텐에서 진행되는 국내 패션 브랜드의 첫 공식 팝업스토어이자, 타임 파리의 첫 글로벌 오프라인 진출이다.
한섬 관계자는 “지난해부터 파리에서 진행한 타임 파리 단독 프레젠테이션을 통해 얻은 현지의 좋은 반응이 팝업스토어 개점으로 이어지게 됐다”라며 “팝업 행사를 진행하는 지하 1층 공간은 셀린느와 프라다 등 글로벌 럭셔리 브랜드들이 팝업을 진행했던 핵심 입지”라고 말했다.
내년 1월에는 프랑스 최대 백화점 체인인 라파예트에 남성 캐주얼 브랜드 시스템옴므 정식 매장을 연다. 한섬은 시스템의 글로벌 영업망 확대를 위해 매년 두 차례 글로벌 패션·유통 관계자를 대상으로 현지 프레젠테이션을 진행했다. 지난해에는 파리 마레지구에 시스템·시스템옴므 첫 글로벌 플래그십스토어(체험 매장)를 열었다.
이번 정식 매장 개점에는 지난해 7월부터 1년간 라파예트 오스만본점에서 진행한 여성 캐주얼 브랜드 시스템의 팝업스토어가 긍정적인 영향을 줬다. 당시 시스템은 월 매출 상위 5위 안에 들 정도로 호실적을 거뒀다. 한섬은 시스템의 정식 입점도 논의 중이다.
한섬은 2019년부터 7년 연속 파리 패션위크에 참가하고 있다. 2014년에는 프랑스 현지에 편집숍 ‘톰그레이하운드’ 파리 매장을 운영했고, 최근 이 매장을 시스템의 첫 글로벌 플래그십스토어로 전환했다. 시스템 파리 매장은 개점 3개월 만에 누적 방문객 1만 명을 넘겼고, 매출은 목표 대비 130% 이상 초과 달성했다.
한섬은 유럽 현지 내 오프라인 유통망을 지속 확대해 나간다는 계획이다. 현재 프랑스 백화점들과 정규 입점을 논의 중이며, 영국 헤롯 백화점 등 여러 유통 업체와 홀세일(도매) 계약을 진행 중이다.
한섬 관계자는 “10여 년간 쌓아온 글로벌 시장 진출 노력이 결실을 맺고 있다”라며 “프랑스 파리를 한섬의 글로벌 패션 기업 도약의 전초기지로 삼고 유럽을 넘어 북미·아시아 등으로 추가 진출도 준비하고 있다”라고 전했다.",2025-08-26,경제
3,"HD현대, ‘마스가 1호’ 투자 협약…美조선소 인수 추진",https://n.news.naver.com/mnews/article/016/0002519341,헤럴드경제,박혜원 기자,"미국계 PEF와 수십억 달러 규모 투자금 조성
美 조선소 투자, 공급망 업체 투자, 첨단기술 개발 등 추진
HD현대가 투자 의사결정 주관
정기선 “美 조선업 현대화 지원”
(왼쪽부터) 김정관 산업통상자원부 장관, 김복규 한국산업은행 수석부행장, 프랭크 브루노 서버러스 캐피탈 최고경영자, 정기선 HD현대 수석부회장, 하워드 러트닉 미국 상무부 장관이 참석한 가운데  HD현대가 25일(현지시간) 미국 윌라드 인터콘티넨탈 호텔에서 한미 조선산업 공동 투자 프로그램 조성을 위한 MOU를 체결했다. 
HD현대가 미국계 사모펀드(PEF)와 함께 미국 조선업 재건을 위한 수십억 달러 규모 투자 프로그램을 조성했다. 이들은 미국 조선소 인수, 현지 기자재 업체 투자 등을 통해 마스가(MASGA·미국 조선업을 다시 위대하게) 프로젝트를 실현할 계획이다.
HD현대는 25일(현지시각) 미국 워싱턴DC 윌라드 인터콘티넨탈 호텔에서 하워드 러트닉 미국 상무부 장관, 김정관 산업통상자원부 장관 주관하에 열린 한미 제조업 파트너십 MOU 체결식에 참석해 서버러스 캐피탈, 한국산업은행과 함께 ‘한미 조선산업 공동 투자 프로그램 조성을 위한 양해각서(MOU)’를 체결했다. HD현대 관계자는 “새로운 협력 모델을 마련하는 중요한 계기”라고 강조했다.
이날 자리에는 정기선 HD현대 수석부회장, 프랭크 브루노 서버러스 캐피탈 최고경영자(CEO), 김복규 한국산은 수석부행장이 참석했다. 이들 3사는 미국 및 동맹국의 해양 역량 강화를 위해 투자 프로그램을 공동으로 조성하기로 했다. 구체적으로 ▷미국 조선소 인수 및 현대화 ▷공급망 강화를 위한 기자재 업체 투자 ▷자율운항, 인공지능(AI) 등 첨단조선기술 개발 등을 추진한다.
HD현대는 앵커 투자자이자 기술자문사로서 투자 의사결정을 주관한다. 조선·해양 분야에서 축적한 전문성을 바탕으로 투자 대상의 기술적 타당성, 성장 가능성 등을 검토할 계획이다. 서버러스 캐피탈은 투자 전략 수립과 관리를, 산은은 한국 투자자의 참여구조 설계를 각각 맡는다.
정기선 HD현대 수석부회장은 “서버러스 캐피탈과의 협력이 동맹국인 미국의 조선업 재건을 목표로 하는 마스가에 실질적인 도움을 제공하는 동시에, 한국 조선업계에도 새로운 시장과 성장 기회를 열어줄 것으로 믿는다”며 “HD현대는 축적된 선박 건조 기술력과 디지털 역량을 바탕으로 미국 조선업의 현대화·첨단화를 지원하고, 양국이 함께 글로벌 조선산업의 새로운 장을 열어가는 데 기여할 것”이라고 말했다.
프랭크 브루노 CEO는 “미국 조선업 강화를 위해 HD현대와 전례 없는 새로운 형태의 파트너십을 발표하게 되어 매우 뜻깊다”며 “이 프로그램은 투자뿐 아니라 운영·기술 역량을 결합해 새로운 기회를 창출하는 데 핵심적 역할을 하게 될 것”이라고 말했다. 그러면서 “해양산업 재건을 위해 힘을 합친 트럼프 대통령 및 미 의회의 초당적 노력에 감사드리며, ‘마스가’에 대한 한국의 과감한 투자 및 지원에도 깊은 감사를 표한다”고 덧붙였다.
김복규 수석부행장은 “HD현대와 서버러스가 함께 추진하는 이번 투자 프로그램은 조선업에서의 새로운 협력 모델이자, 한·미 양국 간 깊은 신뢰와 파트너십을 보여주는 산물로 한국산업은행은 한국 금융계를 대표하여 이번 프로그램의 성공적인 조성을 적극 지원할 것”이라고 말했다.",2025-08-26,경제
4,"""HBM 삼각관계 모두 만났다""...젝슨 황 가운데 두고 선 삼성 이재용과 SK 최태원",https://n.news.naver.com/mnews/article/243/0000083666,이코노미스트,라예진 기자,"정상회담 이은 ‘한미 비즈니스 라운드테이블’
정부 관계자 및 한미 주요 기업인 모여 협상
이재용 삼성전자 회장과 최태원 SK그룹 회장이 젠슨 황 엔비디아 최고경영자(CEO)와 대화하고 있다. 
엔비디아의 고대역폭메모리(HBM) 납품을 두고 경쟁하고 있는 삼성과 SK 수장이 함께 젠슨 황 엔비디아 최고경영자(CEO)를 만나 주목받고 있다. 25일(현지시간) 미국 워싱턴DC의 한 호텔에서 열린 ‘한미 비즈니스 라운드테이블’에서 한미 정부 관계자와 주요 기업인이 참여하면서 이 같은 만남이 성사됐다.
최태원 SK그룹 회장과 젝슨 황 CEO의 만남 사진은 이전에도 수차례 공개됐지만, 이재용 삼성전자 회장과의 만남 사진은 최 회장보다는 비교적 적어 이들의 만남 사진이 집중받고 있다. 특히 젝슨 황 CEO와 이재용 회장은 이번 만남에서 서로를 반가워하며 서로를 안아주기도 했다.
현재 SK하이닉스는 HBM 제품을 엔비디아에 독점적으로 공급하고 있지만, 삼성은 아직까지 엔비디아의 HBM 퀄테스트를 맞추지 못하는 상황이다. 삼성은 엔비디아 승인을 받기 위해 전력을 다하고 있는 것으로 알려진다.
이재용 삼성전자 회장이 젠슨 황 엔비디아 최고경영자와 포옹하고 있다. 
또 이날 행사엔 류진 한국경제인협회 회장을 비롯해 정의선 현대차그룹 회장, 구광모 LG그룹 회장 등 주요 그룹 총수와 김동관 한화 부회장, 정기선 HD현대 부회장, CJ 이재현 회장, 박지원 두산에너빌리티 회장, 서정진 셀트리온 회장 등 국내 기업인 16명이 참석했다.
미국 측에선 젠슨 황 엔비디아 최고경영자, 데이비드 루벤스타인 칼라일 그룹 회장 등을 포함해 다나허, 어플라이드 머티리얼스 등 미국 대표 기업인 21명이 참석했다.
한미 기업인이 대거 모인 가운데 실질적인 계약과 MOU도 진행됐다. 산업통상자원부는 조선, 원자력, 항공, 액화천연가스(LNG), 핵심 광물 등 분야에서 총 11건의 계약과 MOU를 체결했다고 밝혔다. 구체적으로는 조선과 원자력 등 전략 산업 분야에서 양국 간 협력을 확대하기 위한 공동 펀드 조성, 투자, 기술 협력을 내용으로 하는 MOU 6건이 체결됐다. HD현대, 한국산업은행과 미국 서버러스 캐피탈(Cerberus Capital)도 미국 조선업, 해양 물류 인프라, 첨단 해양 기술을 포함해 미국과 동맹국의 해양 역량을 재건 및 강화를 목표로 하는 수십억 달러 규모의 공동 투자 펀드 조성을 위한 MOU를 체결했다.
HD현대는 필리핀 수빅 조선소를 보유한 서버러스와 MOU를 맺었고 삼성중공업과 비거 마린 그룹(Vigor Marine Group)은 미국 해군의 지원함 유지·보수·운영(MRO)과 조선소 현대화 및 선박 공동 건조 등 전략적 파트너십을 구축하는 MOU를 체결했다.
이재명 대통령이 한미 비즈니스 라운드 테이블에서 류진 한국경제인협회 회장의 발언 뒤 박수치고 있다. 
원자력 분야에서는 한국수력원자력, 두산에너빌리티, 엑스에너지(X-energy), 아마존웹서비스가 소형모듈원자로(SMR) 설계, 건설, 운영, 공급망 구축, 투자 및 시장 확대 협력에 관한 4자간 MOU를 맺었다.
항공 분야에서는 대한항공이 보잉사로부터 차세대 고효율 항공기 103대(362억달러)를 신규 도입하는 MOU를, GE에어로스페이스와는 엔진 구매 및 엔진 정비 서비스 계약(137억달러)을 하는 내용의 MOU를 맺었다. 아울러 한국가스공사는 글로벌 에너지 기업인 트라피구라 등과 2028년부터 약 10년간 미국산 LNG를 주요 기반으로 하는 연 330만t 규모의 중장기 액화천연가스(LNG) 도입 계약을 체결했다. 이 밖에 고려아연은 글로벌 방산 기업인 록히드마틴과 게르마늄 공급 구매 및 핵심 광물 공급망 협력을 위한 MOU를 맺었다.
한편 이날 행사의 기조연설에 나선 이재명 대통령은 “조선, 반도체, 자동차, 배터리, 바이오, 의약품, 원전 등 제조 산업 분야 최고의 기술력을 보유한 대한민국이야말로 미국의 제조업 르네상스를 달성하는 최적의 파트너”라고 말했다.",2025-08-26,경제
5,"맘스터치, 부당이득금 반환청구 2심도 승소",https://n.news.naver.com/mnews/article/018/0006098744,이데일리,오희나 기자,"가맹점 권익보호와 지속가능한 상생 노력
맘스터치 가맹본부가 일부 가맹점주들이 제기한 ‘부당이득금 반환청구소송’ 2심에서 승소했다.
26일 맘스터치 가맹본부는 지난 21일 일부 가맹점주들이 1심 판결에 불복해 항소한 ‘부당이득금 반환청구소송’ 2심에서 승소했다고 밝혔다.
이로써 맘스터치 가맹본부가 싸이패티를 비롯한 원부재료의 공급가격 인상을 통해 가맹점주에게 부당한 이득을 취했다는 일부의 주장은 전혀 사실이 아닌 것으로 재확인됐다는 설명이다.
이번 항소심에서 원고측은 가맹본부가 실시한 1,2차 물대인상에서 ‘실체적 하자’와 ‘절차적 하자’가 있었다고 주장했으나, 법원은 “1,2차 물대인상 당시 가격 인상의 필요성이 없었다고 단정할 수 없으므로, 각 물대인상 과정에 실체적 하자가 존재한다는 원고들의 주장은 이유 없다”고 판결했다. 또한 “가맹계약 제28조 제1항은 가맹본부가 ‘가격의 변경이 필요한 경우’에 한해 가맹점사업자와 원부재료 가격 변경에 관해 ‘협의’를 거쳐 원부재료의 가격을 변경할 수 있도록 정한 것이고, 여기서 ‘협의’는 당사자의 의견 일치를 의미하는 ‘합의’가 아닌 ‘서로 협력해 논의함’을 의미하는 ‘합의’로 해석함이 타당한 만큼, 절차적 하자 또한 없다”고 판결했다.
맘스터치는 “본사의 가격 경책은 가맹사업의 통일성과 시장 상황 변화에 대응키 위한 경영 판단의 일환이었고, 그 과정에서 가맹본부는 가맹점주들과 수 차례 논의하는 ‘협의’를 거친 만큼, 물대인상이 무효라는 일부 가맹점의 주장은 전혀 근거가 없다는게 법원의 판단”이라고 설명했다.
이어 “맘스터치 가맹본부는 이번 항소심 승소를 계기로 가맹본부와 가맹점 간의 신뢰관계를 훼손하려는 시도나, 근거 없는 주장으로 갈등을 부추겨 사익을 추구하는 행태를 더 이상 좌시하지 않을 것”이라고 강조했다.
맘스터치는 또 “고물가시대에 소비자의 선택을 받을 수 있는 신제품 경쟁에 박차를 가하고, 경쟁브랜드와의 차별화에 보다 힘쓰겠다”면서 “이를 통한 실적 개선은 녹록치 않은 내수 경제 속 힘들어하는 가맹점들을 살리는 한편, 맘스터치가 글로벌 프랜차이즈 브랜드로 거듭나는 시발점이 될 것”이라고 말했다.",2025-08-26,경제
6,"“안입는 옷, 밖에 두세요”…무신사 유즈드 론칭",https://n.news.naver.com/mnews/article/018/0006098740,이데일리,한전진 기자,"안 입는 옷 집밖 내놓으면 ‘무료 수거’
판매자 촬영·포장 등 과정 무신사가 대행
판매 완료시 ‘무신사머니’ 계좌로 정산
무신사가 회원에게 패션 중고상품 거래를 제공하는 ‘무신사 유즈드(MUSINSA USED)’를 선보인다. 기존 온라인 중고거래 서비스의 불편함을 개선해 패션 리커머스 시장 활성화를 이끌겠다는 계획이다.
무신사 유즈드 로고 (사진=무신사)
26일 무신사에 따르면 무신사 유즈드는 무신사 앱(애플리케이션) 내에서 누구든 간편하게 패션 중고상품을 거래할 수 있는 신규 서비스다. 무신사는 입점 여부와 관계없이 유즈드를 통해 2만개 이상 국내외 패션 브랜드의 의류 상품 거래를 지원하고, 향후 상품 카테고리를 확장한다는 방침이다.
무신사 유즈드는 편리하면서도 안전한 거래 방식을 제공하는 것이 핵심이다. 판매 고객 입장에서는 기존 중고거래 서비스에서 필수적이었던 사진 촬영, 게시물 작성, 상품 세탁 및 발송 등의 복잡한 과정을 거치지 않고도 편리하게 중고품을 처리할 수 있다. 구매자들의 경우 판매자와 직접 소통할 필요 없이 무신사 앱에 신설된 무신사 유즈드 전문관에서 중고상품을 살 수 있다.
특히 입지 않는 의류를 판매하고자 하는 고객들은 무신사 앱을 실행한 이후, 마이 페이지 내에 판매하기 버튼만 누르면 된다. 판매하기를 신청한 고객에게는 무신사가 유즈드백을 무료로 보내주고, 고객이 팔고 싶은 상품을 담아서 집밖에 내놓으면 모든 과정이 끝난다.
이후에는 △유즈드백 수거 △컨디션 체크 및 세탁 △사진 촬영 등의 ‘양품화’ 과정을 거친다. 실제 판매가 이뤄진 상품에 대한 정산 대금은 사전에 고객이 등록해둔 선불충전금 ‘무신사머니’ 계좌를 통해 입금된다. 판매를 원하지 않는 상품에 대해서는 유상 회수할 수도 있다.
무신사 유즈드는 회원들이 무신사에서 쌓은 패션 브랜드 구매 이력을 활용하여 회원들에게 다양한 중고상품 판매의 기회를 제안한다는 것이 차별점이다. 무신사는 판매 이후 사용되지 않은 상품을 순환하는 리커머스를 활성화시킬 수 있고, 회원들은 손쉽게 중고 패션 판매하기를 경험할 수 있는 것이다.
무신사는 유즈드 서비스를 기념하여 국내 유명 빈티지샵들과 협업하여 오프라인 플리마켓 이벤트도 개최한다. 오는 30일부터 31일까지 이틀간 서울 성수동 무신사 스퀘어 성수 4에서 ‘무신사 유즈드 플리마켓’을 개최하여 △인플루언서 소장품 △빈티지샵 한정판 △무신사 임직원 아이템 등 다양한 중고 패션 상품을 선보일 예정이다.
무신사 관계자는 “기존 중고거래 서비스의 불편함을 개선한 무신사 유즈드를 통해 브랜드 패션 상품의 생애 주기를 보다 확장할 예정이며, 국내 고객들에게 중고 패션 시장을 경험할 수 있는 기회를 제공할 것”이라고 말했다.",2025-08-26,경제
7,"GS건설, 건설사 최초 챗GPT 엔터프라이즈 도입 ""AI는 생존의 문제""",https://n.news.naver.com/mnews/article/277/0005642085,아시아경제,한진주 기자,"허윤홍 대표 ""AI는 생존의 문제"" 강조
21일 워크숍 열어 실무 과제 등 다뤄
GS건설은 국내 건설사 최초로 오픈AI의 기업용 AI(인공지능) 솔루션 '챗GPT 엔터프라이즈'를 도입했다고 26일 밝혔다.
서울 종로구 GS건설 본사에서 지난 21일 GS건설 허윤홍 대표(왼쪽 4번째) 등 관계자들과 오픈AI 담당자들이 기념사진을 촬영하고 있다. GS건설 제공
GS건설은 여러 AI 도구 중 정보보안을 고려해 챗GPT 엔터프라이즈를 도입했다. 기업 환경에서 요구되는 고도화된 보안 기능과 관리자 권한을 바탕으로 사내문서와 데이터 유출 없이 AI 모델을 사용할 수 있어서다.
이번 챗GPT 도입에 앞서 지난 21일 서울 종로구 그랑서울 본사 사옥에서 오픈AI 본사 담당자 5명이 직접 방문해 챗GPT를 통한 업무 효율화·자동화 방안 발굴 워크숍을 진행했다.
이번 워크숍은 단순 기능 설명을 넘어 현업 과제에 AI를 적용할 수 있도록 데이터 처리, 고급 프롬프트 기법, 외부 시스템 연계 등 실무 중심의 주제를 다뤘다. 건설 현장에서 바로 적용 가능한 AI 활용 역량도 한층 끌어 올렸다.
GS건설은 오픈AI와 사내 챗GPT 활용 사례를 공동 발굴하고, 직원들을 대상으로 실전 교육을 통해 현장 중심의 AI 적용을 확대해 나갈 계획이다. 아울러 다음달 초에는 오픈AI와의 협업 아래 'GPT 챔피언 프로그램'을 출범시켜, 직원들을 AI전문가로 육성하고, 현업의 문제를 해결할 수 있는 AI 활용 사례를 발굴하는데 집중할 계획이다.
GS건설은 챗GPT를 활용해 기술·계약 검토부터, 설계 도면 분석이나 견적, 예산 검토 같은 고난도 과제와 안전, 장비에 대한 조기 탐지 등 현장 밀착형 주제 등을 순차적으로 고도화해 나갈 예정이다.
GS건설 관계자는 ""우리는 AI를 단순히 도입하는 수준을 넘어, 실제 건설 현장의 안전 강화와 생산성 제고에 직결되는 방향으로 활용해 나갈 것""이라며, ""AI를 통해 복잡한 업무 프로세스를 고도화하고, 현장의 혁신 속도를 높이겠다""고 말했다.
허윤홍 GS건설 대표는 올해 1분기 임원 워크숍에서 ""AI는 더 이상 선택의 문제가 아니라, 변화하는 환경에 적응하고 주도하기 위한 생존의 문제""라고 강조한 바 있다. GS건설은 이번 챗GPT 도입, 오픈AI와의 협업을 기반으로 AI 중심의 업무 혁신 모델을 지속적으로 확장해 나갈 계획이다.",2025-08-26,경제
8,1500억달러 대미 투자 약속한 韓기업…'제조업 르네상스' 견인,https://n.news.naver.com/mnews/article/138/0002203417,디지털데일리,김보민 기자,"이재명 대통령이 25일(현지시간) 미국 워싱턴DC 월라드호텔에서 열린 한미 비즈니스 라운드 테이블 리셉션을 방문해 국내외 기업인과 인사를 나누고 있다. 
한국 기업들이 한미 정상회담에 맞춰 1500억달러(약 209조원) 규모의 대미 투자 계획을 발표했다. 한국과 미국 간 제조업 협력을 강화하기 위해 기업들이 힘을 모으겠다는 취지다.
류진 한국경제인협회 회장은 25일(현지시간) 미국 워싱턴DC에서 열린 '한미 비즈니스 라운드 테이블' 모두발언을 통해 ""한국 기업들은 1500억달러의 대규모 대미 투자를 계획하고 있다""며 ""미국과 글로벌 시장을 함께 견인해 제조업 르네상스의 새 시대를 열어가기 위한 것""이라고 밝혔다.
이날 행사는 한미 기업의 투자를 이끌어내고 경제 협력 방안을 논의하기 위해 개최됐다. 이재명 대통령과 하워드 러트닉 미 상무부 장관을 비롯해 양국 기업인들이 참석했다. 국내에서는 이재용 삼성전자 회장, 최태원 SK 회장, 정의선 현대차 회장, 구광모 LG 회장 등 16명의 기업인이 자리했다. 미국에서는 젠슨 황 엔비디아 최고경영자(CEO) 등 21명이 참석했다.
류 회장은 ""이러한 투자 계획은 한미 산업 협력 구상을 실행하는 로드맵이 될 것""이라며 ""양국 정부도 적극 지원하리라 믿는다""고 말했다. 이어 ""생산 시설을 늘리는 데 그치지 않고, 큰 틀의 상생 협력을 하는 것이 공동 목표""라고 강조했다.
이 대통령도 기조연설을 통해 제조업 르네상스를 위한 방향을 밝혔다. 그는 ""반세기 만에 일궈낸 대한민국의 초고속 압축 성장은 미국의 도움 없이는 불가능했을 역사적 성취""라며 ""이제 대한민국이 미국의 제조업 재건에 기여할 차례""라고 말했다. 양국 간 공급망 체계가 강화됐다는 점도 강조했다. 이 대통령은 ""한미는 이미 70년 넘게 활발하게 이어온 교역과 투자로 긴밀하게 연계해, 상호 보완적인 산업 구조와 공급망을 갖추고 있다""고 부연했다.
이에 러트닉 장관은 ""미국과 한국의 비즈니스는 물품만 교역하는 게 아니다""라며 ""미래를 함께 만들어나가는 것""이라고 밝혔다. 그러면서 ""미국은 시장 개방을 원하고 있고 농민, 제조업자, 혁신가를 위해 시장을 지속 개척할 것""이라며 ""(양국 모두) 안전한 공급망을 보고 있고, 회복력 있는 산업을 키워 나가고 경쟁력을 높이기 위해 노력하고 있다""고 진단했다.
한편 한미 기업들은 이 자리에서 조선을 비롯해 원자력, 항공, 액화천연가스(LNG), 광물 등 주요 분야에서 계약과 양해각서를 체결했다.",2025-08-26,경제
9,이번주 부산서 기후·에너지 산업 미래모색,https://n.news.naver.com/mnews/article/016/0002518974,헤럴드경제,No Reporter,"기후산업국제박람회·에너지장관회의 등 개최
이번 주 부산에서는 기후산업국제박람회(WCE)와 3개의 글로벌 에너지 장관회의가 동시에 열린다. 사진은 올해 WCE) 포스터. 
부산에서 기후변화 대응 및 에너지 전환 관련 산업의 미래를 모색하는 행사가 잇따라 열린다.
부산시는 25일 ▷기후산업국제박람회(WCE) ▷APEC 에너지 장관회의 ▷청정에너지 장관회의 ▷미션이노베이션 장관회의 등이 이번 주 중 열린다고 밝혔다. WCE와 3개의 글로벌 에너지 장관회의가 동시에 열리는 전례 없는 상황이다.
먼저 WCE는 3년 연속 부산에서 열리는 기후·에너지 분야의 대표적인 국제행사로 올해는 27일부터 29일까지 벡스코에서 열린다. 부산시 및 산업통상자원부 등 정부 기관과 함께 RE100을 선언한 기업들의 연합체인 CF연합과 국내 최대 경제인 단체인 대한상공회의소 등 민·관이 함께 개최하고 있다.
전 세계 50여개국 4만여명이 참여해 각종 컨퍼런스와 함께 국내·외 기관 및 기업 540개가 ▷에너지고속도로관 ▷미래에너지관 ▷청정전력관 ▷탄소중립관 ▷환경에너지관 ▷기상기후산업관 등 6개 관에서 최신 기술과 제품 등을 선보이는 전시회 등이 열린다.
부산에서도 부산 수소동맹관 등 부스를 꾸려 지역 기후 산업 역량을 알린다. 또 27일에는 ‘인공지능과 에너지 전환: 지속가능한 도시를 위한 혁신’을 주제로 부산시 주최로 국내·외 기관, 기업, 전문가, 시민 등 100여 명이 참석한 가운데 콘퍼런스도 진행된다.
APEC에너지장관회의 등 에너지 장관회의에서는 40여 개국의 기후·에너지 정책 결정자와 전문가들이 참석해 청정 전력, 전력망, 인공지능과 에너지, 탄소중립 등 핵심 의제를 논의한다.
APEC에너지장관회의에서는 21개 회원국의 에너지를 담당하는 장관급이 참석해 ▷에너지 부문 목표달성 ▷에너지 안보 제고 ▷에너지 교역 활성화 ▷청정에너지 개발 및 보급확대 ▷에너지 부문 투자 활성화 ▷공동선언문 채택 등에 대해 협력방안을 찾는다.
총 28개국이 참여하는 청정에너지장관회의(CEM)는 2010년부터 시작된 미국 에너지부 주도의 회의다. 주요 협력 의제에는 ▷재생에너지 보급 ▷전력망 연계 ▷스마트그리드(지능형전력망) ▷에너지효율 ▷원자력 혁신 ▷CCUS(탄소 포집·저장·활용기술) ▷전기차 등 청정에너지 전환과 관련된 거의 모든 분야가 포함된다.
미션이노베이션장관회의(MI)에서는 47개국이 참석해 청정에너지 공공 R&D 투자 확대 및 청정에너지 기술 혁신에 대해 논의한다.
한편 시는 ‘광안리 M 드론 라이트쇼 특별공연’도 오는 27일 오후 9시 수영구 광안리 해변 일대에서 개최한다. 이번 특별공연은 전 세계 기후·에너지 리더들이 모이는 행사의 의미를 기념하고, 기후 위기에 대한 경각심과 환경보호 메시지를 담을 예정이다.
참가를 희망하는 시민은 현장 등록을 통해 무료로 입장할 수 있다. 주요 일정과 프로그램 구성, 초청 연사 등 자세한 사항은 WCE 공식 홈페이지에서 확인할 수 있다.",2025-08-26,경제
0,"조달청, 공공건축물 화재 설계기준 강화 워크숍",https://n.news.naver.com/mnews/article/119/0002995133,데일리안,장정욱 기자,"조기감지시스템 등 논의
조달청이 입주해 있는 정부대전청사 전경. ⓒ데일리안 DB
조달청(청장 백승보)은 26일 정부대전청사에서 한국소방시설협회, 한국소방기술사회 및 소방분야 민간전문가들이 참여한 가운데 ‘화재대비 공공건축물 설계기준 강화를 위한 워크숍’을 개최했다.
워크숍은 최근 민간아파트, 공장 등 대형 화재 발생에 따라 건축물 화재에 대한 국민적 관심이 높은 상황에서 조달청이 마련한 화재 예방을 위한 설계기준안에 대한 민간 전문가 검토와 의견을 듣기 위한 자리다.
참석자들은 화재위험도가 높은 구역에 대한 화재 조기감지시스템 적용, 소방펌프실 내 공간활용도와 유지 관리성을 높인 일체형 소방펌프 적용, 시공 안전을 위한 용접 없는 배관이음 적용 등 다양한 의견을 제시했다.
조달청은 작년부터 화재에 대비한 공공건축물 설계강화 기준을 마련하기 위해 민간 전문가 27명과 함께 5701건의 설계검토 사례를 분석해 227개 유형으로 분류하고 이와 연계한 설계기준안을 마련했다.
조달청은 이번 워크숍을 통해 제시한 전문가 의견을 반영해 다음 달 ‘화재 대비 공공건축물 설계기준’을 최종 확정한다는 계획이다. 조달청 설계검토 자문위원 및 설계사에 배포하고 조달청 홈페이지에 공개할 예정이다.
한편, 조달청은 200억원 이상 대형 공공시설사업 및 30억원 이상 국고보조사업에 대해 연간 13조원 규모 설계검토를 하고 있다.
권혁재 조달청 시설사업국장은 “새 정부 국정과제인 ‘재난 피해 최소화를 위한 예방·대응 강화’에 발맞춰 공공시설 분야에서 안전 관련 각종 기준을 정비하고 있다”며 “앞으로도 민간 전문가와 함께 국민이 안심하고 공공시설을 이용할 수 있도록 안전에 대한 검토를 지속적으로 강화하겠다”고 말했다.",2025-08-26,사회
1,"'붕괴 사고' 상도유치원, 7년 만에 재탄생…2학기부터 8학급 운영",https://n.news.naver.com/mnews/article/003/0013442614,뉴시스,정예빈 기자,"서울시교육청, 상도유치원 건물 이전 알려
""동작관악교육지원청과 지역 사회의 성과""
7년 전 붕괴 사고를 겪었던 서울상도유치원이 올해 2학기부터 새 건물에서 본격 운영에 들어간다. (사진=서울시교육청 제공)
정예빈 기자 = 7년 전 붕괴 사고를 겪었던 서울상도유치원이 올해 2학기부터 새 건물에서 본격적으로 운영된다.
서울시교육청은 26일 서울동작관악교육지원청 소속 상도유치원이 이달부터 새 건물로 이전해 운영을 시작한다고 밝혔다.
상도유치원은 2018년 9월 유치원 인근 다세대주택 신축을 위한 흙막이 가시설이 무너지면서 붕괴됐다. 당시 유치원 건물 일부가 무너졌지만 오후 11시가 넘은 심야 시간에 사고가 발생해 인명 피해는 없었다.
교육지원청은 상도유치원 붕괴 후 약 7년간 유치원 임차 운영, 예산 확보, 안전 설계, 친환경 시공, 학부모와 지역사회 의견 수렴 등 전 과정을 주도하며 안정적인 개원을 준비했다.
이달 27일 개원 예정인 상도유치원은 특수학급 1학급을 포함해 총 8개 학급(정원 118명)을 운영한다. 개원에 맞춰 증설 학급에 대해 추가 유아 모집도 진행하며 증가하는 지역 유아 교육 수요가 충족될 것으로 기대된다.
한희순 상도유치원장은 ""오랜 기다림 끝에 다시 시작하는 우리 유치원이 진정한 유아 교육 터전으로 되길 바란다""고 밝혔다.
김영화 동작관악교육장은 ""상도유치원의 새출발은 동작관악교육지원청과 지역사회가 함께 만든 성과""라며 ""아이들이 안전하고 행복한 환경에서 꿈을 키울 수 있도록 앞으로도 지속적으로 지원하겠다""고 말했다.",2025-08-26,사회
2,"'불법 정치자금 의혹' 권성동 ""내일 특검 조사 출석할 것""",https://n.news.naver.com/mnews/article/057/0001904353,MBN,김나연 기자,"""특검, 일부 언론과 결탁해 정치공작""
본회의장 입장하는 권성동 의원 / 사진=연합뉴스
불법 정치자금 수수 의혹을 받는 권성동 국민의힘 의원은 ""오는 27일 10시에 특검 조사에 출석하겠다""고 밝혔습니다.
권 의원은 오늘(26일) 자신의 페이스북을 통해 ""저는 특검 측이 주장하는 모든 사안에 대해 결백하다. 그렇기에 당당하다""며 이같이 말했습니다.
그는 ""특검 측은 일부 언론과 결탁하고 정치 공작을 이어가고 있다. 당당하지 못하기 때문""이라며 ""저는 이미 문재인 정부의 정치 탄압을 이겨낸 경험이 있다. 이번 이재명 정부의 표적 숙청 시도 역시 반드시 극복해 내겠다""고 썼습니다.
또, ""정의를 향한 길은 아무리 굽이치고 험난해도 결국 진실이라는 목적에 도달하기 마련""이라고 강조했습니다.
김건희 여사를 둘러싼 의혹을 수사하는 민중기 특별검사팀은 권 의원이 통일교로부터 불법 정치자금을 받은 의혹 등을 수사하고 있습니다.
특검팀은 권 의원 주거지와 국회 의원실, 강릉 사무실 등을 압수수색하고 당원명부 확보를 위해 국민의힘 당사를 압수수색 시도한 바 있습니다.
특검팀은 내일(27일) 오전 10시 권 의원을 소환 조사할 방침입니다.",2025-08-26,사회
3,"광주광역시, 세계양궁대회 성공 개최 기원 오프닝쇼 9월 3일 선봬",https://n.news.naver.com/mnews/article/014/0005396766,파이낸셜뉴스,황태종 기자,"오후 6시 30분부터 민주주의 상징 금남로 일원...고싸움놀이·창극단·K-팝 공연 등 다채
광주광역시가 오는 9월 5일 개막하는 '광주 2025 현대세계양궁선수권대회'와 '광주 2025 세계장애인양궁선수권대회' 성공 개최를 기원하며 9월 3일 오후 6시 30분부터 금남로 일대에서 오프닝쇼 '활의 나라'를 선보인다. 광주광역시 제공
【파이낸셜뉴스 광주=황태종 기자】광주광역시는 오는 9월 5일 개막하는 '광주 2025 현대세계양궁선수권대회'와 '광주 2025 세계장애인양궁선수권대회' 성공 개최를 기원하며 9월 3일 오후 6시 30분부터 금남로 일대에서 오프닝쇼 '활의 나라'를 선보인다고 밝혔다.
시민들과 세계양궁연맹 총회 및 대회 참가자들을 대상으로 광주의 문화와 정체성을 널리 알리자는 취지에서 기획된 이번 행사는 동구 금남로 전일빌딩245부터 금남로공원까지 구간에서 열리며, 전 국민의 대회 관심 유도와 축제 분위기 조성, '평화의 울림' 슬로건 실현이 목표다.
첫 무대는 국가무형유산 제33호인 '고싸움놀이'로 꾸며진다. 지난 1986년 서울 아시안게임과 1988년 서울 올림픽 개막식에서 시연됐던 전통놀이인 '고싸움놀이'를 통해 광주에서 열리는 세계 양대 양궁대회의 위상을 높일 계획이다.
또 광주 양궁의 역사와 5·18민주광장의 역사적 의미를 소개하는 영상이 상영되고, 광주시립창극단의 풍물 공연과 함께 예향의 도시 광주를 세계에 알리는 다양한 공연이 펼쳐진다. 초대 가수로 '알리'와 '노라조'가 무대에 오른다.
특히 이번 행사는 기존 행사와 달리 의례적인 인사말과 축사를 최소화해 축제 분위기가 끊이지 않도록 구성됐다. '오프닝쇼'라는 명칭에 걸맞게 전체적으로 쇼 형태의 흐름으로 진행된다.
더욱이 '금남로 차 없는 거리' 행사로 열려 시민 불편을 최소화하면서도 다양한 볼거리를 제공할 예정이다.
이연 대회조직위원회 사무처장은 ""이번 오프닝쇼 '활의 나라'는 대한민국, 광주양궁의 우수성과 대회 결승이 열리는 5·18민주광장의 역사성을 전 세계에 알릴 수 있는 계기를 만들 것""이라며 ""9월 3일 저녁 금남로에서 열리는 오프닝쇼가 대회 축제 분위기로 이어질 수 있도록 많은 시민의 참여를 부탁드린다""라고 말했다.
전은옥 광주시 문화체육실장은 ""대회 준비와 더불어 대회 축제 분위기 연계를 위해 기획된 오프닝쇼 '활의 나라'에 광주를 찾은 양궁 선수단의 참여가 예상되는 만큼 많은 시민이 참여해 광주의 시민정신을 알리는 계기가 됐으면 한다""라고 밝혔다.
한편 '광주 2025 현대 세계양궁선수권대회'는 9월 5~12일 열리며, 결승전은 9월 7~12일 5·18민주광장에서 진행된다. '광주 2025 세계장애인양궁선수권대회'는 9월 22~28일 열리며, 결승전은 9월 27~28일 5·18민주광장에서 진행된다.
#광주광역시 #광주 2025 현대세계양궁선수권대회 #광주 2025 세계장애인양궁선수권대회 #세계양궁대회 성공 개최 기원 오프닝쇼 9월 3일 개최",2025-08-26,사회
4,'이별통보에'…무면허 만취운전으로 전 연인 찾아 스토킹한 30대,https://n.news.naver.com/mnews/article/001/0015586655,연합뉴스,강수환 기자,"현관문
(세종=연합뉴스) 강수환 기자 = 무면허 음주 상태로 운전해 전 여자친구 집을 찾아가 스토킹한 30대가 구속됐다.
세종북부경찰서는 스토킹처벌법 및 도로교통법 위반 혐의를 받는 30대 A씨에 대해 법원이 구속영장을 발부했다고 26일 밝혔다.
A씨는 지난 23일 새벽 세종시에 위치한 전 여자친구 집을 찾아가 현관문을 여러 차례 두드리는 등 스토킹한 혐의를 받는다.
피해자 신고를 받고 출동한 경찰은 A씨가 주거지에 다시 올 것을 예상하고 잠복해 있다가 현장에 모습을 드러낸 A씨를 현행범으로 체포했다.
A씨는 범행 이전에도 피해자에게 전화를 수회 걸거나 수차례 문자메시지를 보내는 등 스토킹 행위를 이어왔던 것으로 조사됐다.
범행 당일에는 무면허 만취 상태로 운전해 피해자 집까지 찾아갔던 것으로 확인됐다.
당시 혈중 알코올농도는 면허 취소 수준으로, A씨는 이미 음주운전 혐의로 재판을 받던 중 재차 범행을 저지른 것으로 드러났다.
범행 일체를 인정한 A씨는 ""이별 통보를 받아들이지 못하고 범행을 저질렀다""는 취지로 경찰에 진술한 것으로 전해졌다.
경찰은 A씨를 상대로 자세한 범행 경위 등을 조사하고 있다.
swan@yna.co.kr",2025-08-26,사회
5,"코레일, 경부선 선로 안정화·안전확보 위한 긴급조치",https://n.news.naver.com/mnews/article/092/0002387487,지디넷코리아,주문정 기자,"경부선 일부 구간(신암-청도) 서행 및 열차 예매 중지 등 시행
한국철도공사(코레일)는 지난 19일 발생한 경부선 무궁화호(남성현-청도 구간) 사상사고 관련, 철도시설물 유지보수 작업 중지에 따라 선로 안정화와 안전확보를 위한 긴급조치를 시행한다고 25일 밝혔다.
이번 조치는 대구지방고용노동청이 발부한 ‘중대재해 시 작업중지 명령’으로 대구본부 관내 선로·전기 등 시설물 점검 및 적기 유지보수 차질로 인해 불가피하게 추진됐다.
사고 지점이 포함된 경부선 신암-청도역 사이에서 열차가 역을 통과하는 속도를 시속 60km 이하로 낮춰 운행한다. 이에 따라 해당 구간을 지나는 ITX-새마을, ITX-마음, 무궁화호 등 일반열차가 20~30분 지연될 것으로 예상된다.
취약 지역 등 선로 안정화가 필수적인 13곳에서는 선제적으로 열차를 추가 서행키로 했다.
무궁화호 열차.
대구본부 관내 일상점검이 모두 중단됨에 따라 열차 운행 안전에 취약한 곳인 분기기 구간을 지날 때도 열차 속도를 시속 60km 이하로 제한한다. 대상 구간은 ▲경부선(신암-청도) ▲중앙선(북영천-영천, 영천-모량) ▲대구선(가천-영천) ▲동해선(북울산-포항, 포항-고래불) 이다.
경부선 신암-청도 구간을 경유하는 열차 승차권 예매(9월 24일 이후)를 잠정 중지한다.
대상 열차는 경부선 서울-구포-부산, 경전선 서울-마산‧진주 구간을 운행하는 KTX(주중 51대, 주말 64대)와 일반열차(주중 80대, 주말 88대)다.
다음 달 24일 이후 해당 구간 열차를 이용할 고객은 예매 시 사전 확인이 필요하다. 자세한 내용은 코레일 홈페이지나 모바일 앱 ‘코레일톡’에서 확인할 수 있다.
서행 운전으로 열차가 20분 이상 지연된 경우 ‘소비자분쟁해결기준’과 ‘여객운송약관’ 등 관련 규정에 따른 지연배상금이 자동 지급되고 승차권 환불 위약금도 발생하지 않는다.
화물열차도 해당 구간을 경유하는 하루 최대 67대 열차(상·하행 기준)의 운행을 잠정 중지(9월 24일 이후)한다.
또 물류 고객사와 협의해 긴급 수송품에 한해 호남선·전라선·경전선 등을 통한 우회수송을 검토하고 있다.",2025-08-26,사회
6,"특검, 김건희 여사에 27일 오전 10시 재출석 통보",https://n.news.naver.com/mnews/article/023/0003925133,조선일보,김나영 기자,"윤석열 전 대통령 배우자 김건희 여사./사진공동취재단
윤석열 전 대통령 배우자 김건희 여사의 각종 의혹을 수사하는 민중기 특별검사팀이 오는 27일 김 여사 측에 소환 조사를 통보했다. 현재 수감 중인 김 여사의 구속 기간이 오는 31일인 만큼, 이번 조사가 기소 전 마지막 조사가 될 수 있다는 관측이 나온다.
특검은 25일 “김건희씨를 8월 27일 오전 10시에 소환했다”고 밝혔다. 구속 후 5번째 소환 통보다. 이에 대해 김 여사 측은 “여사님 건강 문제로 27일은 어렵고, 28일쯤 나오는 것으로 협의를 하려고 한다”고 밝혔다. 다만 특검이 이르면 오는 29일 김 여사를 재판에 넘길 방침인 것으로 알려진 만큼, 어느 날짜로 조율이 되든 이번 조사가 마지막 조사가 될 가능성이 크다.
이날 특검은 오전 10시에 김 여사에 대한 구속 후 4번째 소환 조사를 실시했다. 김 여사는 서울남부구치소에서 수갑을 찬 채 호송차를 타고 특검 사무실이 있는 서울 광화문 KT빌딩에 도착했다. 특검은 이날 조사에서 김 여사 측에 통일교 청탁 의혹을 집중적으로 캐물은 것으로 알려졌다. 김 여사 측 유정화 변호인은 “(김 여사가) 대부분의 질문에 진술을 거부했다”고 설명했다. 이날 오전 10시 10분부터 시작된 조사는 오후 3시 45분쯤 마쳤다. 김 여사는 오후 4시 40분쯤 조서 열람까지 마친 뒤 오후 4시 50분쯤 특검 사무실을 빠져나갔다.
특검은 향후 조사에서 도이치모터스 주가조작 의혹에 대해 물을 것으로 알려졌다. 김 여사는 도이치모터스 주가 조작(자본시장법 위반), 명태균씨 관련 공천 개입(정치자금법 위반), ‘건진법사’ 전성배씨를 통한 통일교의 청탁 의혹(알선수재) 혐의로 지난 12일 구속됐다. 한편 특검은 같은 날 전씨에 대한 소환 조사도 진행했다.",2025-08-26,사회
7,‘삼부토건 주가조작’ 전·현직 임원 재판 본격 시작,https://n.news.naver.com/mnews/article/011/0004525046,서울경제,임종현 기자,"김건희 특검 1호 기소 사건 첫 공판준비기일
이일준 회장·이응근 전 대표 이달 1일 구속기소
주가조작 의혹으로 김건희 여사 관련 의혹을 수사하는 민중기 특별검사팀의 조사를 받은 이일준 삼부토건 회장이 지난달 17일 서울중앙지법에서 구속 전 피의자 심문(영장실질심사)을 마친 뒤 법정을 떠나고 있다. 연합뉴스
검건희 특검(특별검사 민중기) 출범 이후 첫 기소 사건인 삼부토건 주가조작 관련 전·현직 임원들에 대한 재판이 시작된다.
26일 법조계에 따르면 서울중앙지법 형사합의34부(재판장 한성진)는 이날 오전 10시 자본시장과 금융투자업에 관한 법률 위반 혐의로 기소된 이일준 삼부토건 회장과 이응근 전 대표이사의 공판준비기일을 연다. 공판준비기일은 정식 재판에 앞서 향후 심리 계획 등을 정리하는 절차로, 피고인의 출석 의무는 없다.
삼부토건 주가조작 의혹은 회사가 우크라이나 재건사업을 추진하는 것처럼 업무협약(MOU)을 체결하고 홍보하는 방식으로 주가를 띄운 뒤, 전·현직 임원들이 이를 매도해 시세차익을 챙겼다는 것이 핵심이다. 삼부토건은 2023년 5월 폴란드에서 열린 우크라이나 재건 포럼을 계기로 각종 MOU를 체결했다. 1000원대에 머물던 삼부토건 주가는 두 달 만에 5500원까지 치솟았다.
이 회장 등은 2023년 5~6월 이 같은 행위로 부당이득을 챙긴 혐의를 받고 있다. 이들이 주가조작 후 보유 주식을 매도해 얻은 이익은 총 369억원에 달하는 것으로 알려졌다. 특검은 지난달 18일 두 사람에 대한 구속영장을 발부받은 뒤, 이달 1일 구속 상태로 재판에 넘겼다.
한편 삼부토건 조작 사건을 심리하는 형사합의34부는 현재 내란 특검(특별검사 조은석)이 처음으로 기소한 김용현 전 국방부 장관의 위계공무집행방해 및 증거인멸교사 혐의 사건도 맡고 있다.",2025-08-26,사회
8,세계 곳곳 日 자살특공대 ‘가미카제 상호’ 사용 심각…서경덕 “역사 알려줘야”,https://n.news.naver.com/mnews/article/021/0002731894,문화일보,정충신 기자,"‘가미카제’ 상호를 쓴 포르투갈 리스본의 한 아시아 식당.서경덕 교수팀 제공
서경덕 성신여대 교수가전 세계에서 벌어지는 ‘가미카제’ 상호 사용에 대해 “역사를 제대로 알려줘야 한다”며 강하게 항의했다.
서 교수는 26일 자신의 SNS에서 “포르투갈 리스본의 아시안 식당, 호주 이동식 놀이공원, 태국 유명 음반회사 등 다양한 곳에서 상호로 사용하고 있었다고 누리꾼들이 제보를 해줬다”며 이같이 밝혔다.
서 교수는 “제보 받은 곳에는 조만간 항의 메일을 보낼 예정”이라며 “가미카제의 역사를 제대로 알려줘서 상호 사용을 바꿀 수 있도록 해야하기 때문”이라고 말했다.
가미카제는 제2차 세계대전 당시 군비 부족으로 미군의 상륙을 막을 힘이 없던 일본이 마지막 수단으로 택한 자살특공대다.
가미카제 상호를 쓰는 호주의 이동식 놀이공원. 서경덕 교수팀 제공
지난 2014년 일본은 가미카제 조종사들의 유서를 유네스코 세계기록유산으로 등재하려고 해 논란이 된 바 있다. 지난 2022년 카타르 월드컵 당시 일본 서포터즈가 가미카제 티셔츠를 들고 응원하는 장면이 공개돼 논란이 됐다.
서 교수는 FIFA 측에 고발해 재발방지를 요청했다. 서 교수는 “가미카제의 역사적 의미를 전 세계에 지속적으로 알려 다시는 이런 일이 벌어지지 않도록 해야만 할 것”이라고 강조했다.",2025-08-26,사회
9,"김동연, 한미정상회담 ""경제살리고 안보도 지킨 회담"" 호평",https://n.news.naver.com/mnews/article/014/0005396806,파이낸셜뉴스,장충식 기자,"""이재명 정부 페이스메이커 될 것""
김동연 경기도지사 SNS 캡쳐
【파이낸셜뉴스 수원=장충식 기자】김동연 경기도지사는 26일 이재명 대통령과 트럼프 미국 대통령의 한미정상회담에 대해 ""경제를 살리고 안보도 지키는 회담이었다""고 평가했다.
그러면서 그는 ""경기도가 이재명 정부의 페이스메이커가 되겠다""고 강조했다.
김 지사는 이날 자신의 '경제안수'라는 페이스북 글을 통해 ""“국익외교를 위해 총력전을 펼쳐준 이재명 대통령과 관계자들에게 박수를 보낸다""며 ""이번 정상회담을 시작으로 앞으로 한미동맹을 더욱 발전시켜나가야 한다. 군사동맹을 넘어 ‘혁신동맹’으로 업그레이드시켜야 한다""고 말했다.
이어 ""이를 위해서는 정부만이 아니라 국회, 지방정부, 기업 등 공공외교를 확대해야 한다. 그것이 정부의 협상력을 높이는 길이기도 하다""며 ""우리 내부적으로는 급변하는 국제경제질서 속에서 신시장, 신기술, 신사업의 3신(新) 전략을 통해 경제역량을 강화해나가야 한다""고 전했다.
김 지사는 또 ""경기도가 이재명 정부의 평화와 경제를 뒷받침하는 페이스메이커가 되겠다""며 ""최대 접경지이자 첨단산업과 제조업의 중심지로서 굳건한 역할을 해나가겠다""고 밝혔다.
앞서 지난 25일(현지시간) 이 대통령과 트럼프 대통령은 2시간 20분 정도 이어진 첫 정상회담을 통해 한반도 평화체제 구축을 위한 북미 대화 방안 등에 대해 이야기를 나눈 것으로 알려졌다.",2025-08-26,사회
0,궁중음식 함께 즐기는 고궁…내달 17~26일 '수라간 시식공감',https://n.news.naver.com/mnews/article/018/0006098940,이데일리,장병호 기자,"경복궁 소주방 권역서 즐기는 체험 행사
27일 오후 2시부터 추첨제 응모 접수
국가유산청 궁능유적본부는 국가유산진흥원과 함께 오는 9월 17일부터 26일까지 경복궁 소주방 권역에서 2025년 하반기 ‘수라간 시식공감’을 개최한다고 26일 밝혔다.
경복궁 ‘수라간 시식공감’ 행사 현장. (사진=국가유산청)
‘수라간 시식공감’은 경복궁의 부엌인 소주방 권역에서 궁중음식과 전통공연·놀이 등 다양한 체험을 하는 궁중문화 복합 체험 행사로 △궁중음식 시식 △자유 체험으로 구성된다.
궁중음식 시식은 생물방에서 궁중다과를 즐기는 ‘다담(茶談)-시식공감’, 외소주방에서 궁중음식을 맛보는 ‘식도락(食道樂)-시식공감’으로 진행한다. 참가자는 1개의 프로그램을 선택해 체험한다.
자유 체험으로는 내소주방에서 ‘복 북어 만들기’와 ‘율란 만들기’가 진행된다. 행랑채 ‘주방골목’에서는 만두과, 곶감오림, 포계 등 전통 간식을 맛볼 수 있다. 전통놀이 체험 공간과 쉼터도 마련해 가을밤 경복궁을 여유롭게 즐길 수 있다.
이번 행사는 상반기와 마찬가지로 추첨제로 모집한다. 하루 136명씩 총 1088명이 하반기 행사에 참가할 수 있다. 응모와 예매는 27일 오후 2시부터 9월 2일 오후 11시 59분까지 티켓링크에서 진행한다. 계정(ID)당 1회만 응모할 수 있다.
당첨자는 9월 4일 오후 5시 발표한다. 참가비는 1인당 2만 5000원이다. 9월 10일 오후 2시부터 잔여석에 대한 선착순 예매를 진행한다. 만 65세 이상, 장애인, 국가유공자는 전화로도 예매할 수 있다.
자세한 내용은 궁능유적본부·국가유산진흥원 홈페이지, 궁능 활용프로그램 전화 상담실로 문의하면 된다.",2025-08-26,생활/문화
1,삼척서 만나는 신라 장신구… 국립중앙박물관 국보 순회전,https://n.news.naver.com/mnews/article/654/0000138452,강원도민일보,이채윤 기자,"▲ 신라 장신구를 주제로 한 국보 순회전이 오는 10월 1일 삼척시립박물관에서 열린다.   국립중앙박물관 제공
신라의 금귀걸이 등 주요 국보와 보물을 삼척에서도 만날 수 있는 '국보 순회전'이 오는 10월 1일 열린다. 국립중앙박물관은 9월 2일 전북 정읍시립박물관을 시작으로 4일 전북 진안역사박물관, 19일 경남 함양박물관, 10월 1일 강원 삼척시립박물관에서 하반기 국보 순회전을 연다고 25일 밝혔다.
삼척시립박물관에서는 '신라 장신구'를 선보일 예정이다. 대표 유물로는 신라 보문동 합장분 금귀걸이(국보), 분청사기 상감인화 연꽃 넝쿨무늬 병(보물), 백자 투각 모란무늬 항아리(보물) 등이 있다. 블랙핑크 제니의 뮤직비디오에 등장한 금 관꾸미개를 비롯한 신라 장신구가 삼척에서 전시될 예정이다.
'국보 순회전'은 삼척을 비롯한 지역 공립박물관 활성화에도 긍정적인 영향을 줄 것으로 전망된다. 국립중앙박물관은 고흥 분청문화박물관, 봉화 청량산박물관, 논산 백제군사박물관, 의성조문국박물관에서 열린 상반기(5∼7월) 국보 순회전에는 10만명 이상이 다녀갔다고 밝혔다. 이채윤 기자
#순회전 #장신구 #국립중앙박물관 #금귀걸이 #삼척시립박물관",2025-08-26,생활/문화
2,"김건모, 6년 만에 가요계 복귀...다음 달부터 전국 콘서트",https://n.news.naver.com/mnews/article/052/0002238014,YTN,신지원 기자,"가수 김건모가 전국 투어 콘서트로 6년 만에 가요계에 복귀합니다.
공연제작사 아이스타미디어컴퍼니는 김건모가 다음 달 27일 부산 KBS홀을 시작으로 대구, 대전, 서울 등을 순회하는 전국투어 콘서트 '김건모'를 개최한다고 밝혔습니다.
김건모는 지난 2019년 성폭행 의혹이 불거진 후 활동을 중단했고, 이후 2021년 검찰에서 무혐의 처분을 받으면서 의혹을 벗었습니다.
공연제작사는 측근들의 말을 인용해, 김 씨가 무대를 떠나 있는 동안에도 음악만큼은 단 한 순간도 놓지 않았다고 전했습니다.
이번 전국투어는 부산 공연 이후 10월 18일 대구, 12월 20일 대전을 거쳐 내년 1월 서울 공연으로 이어질 예정입니다.
※ '당신의 제보가 뉴스가 됩니다'
YTN 검색해 채널 추가
02-398-8585
social@ytn.co.kr",2025-08-26,생활/문화
3,케데헌 '골든' 美빌보드 핫100 정상 탈환…OST 4곡 '톱10' 새 역사,https://n.news.naver.com/mnews/article/079/0004059241,노컷뉴스,이진욱 기자,"넷플릭스 제공
전 세계적인 신드롬을 낳고 있는 넷플릭스 애니메이션 영화 '케이팝 데몬 헌터스'(케데헌) OST '골든'이 미국 빌보드 메인 싱글차트 '핫 100' 정상을 되찾았다.
25일(현지시간) 빌보드가 낸 차트 예고 기사에 따르면 '골든' 순위는 전주보다 한 계단 올라 1위를 탈환했다. '골든'이 해당 차트 1위에 오른 건 지난 11일에 이어 두 번째다.
'핫 100'은 스트리밍, 라디오 방송, 판매량을 종합해 순위를 매긴다. '골든'은 전주 대비 스트리밍이 3%, 라디오 방송이 39%, 판매량이 11% 증가한 것을 집계됐다.
'케데헌' OST는 '골든'을 비롯해 '유어 아이돌'(4위), '소다팝'(5위), '하우 잇츠 던'(10위)까지 모두 4곡을 10위권에 올렸다.
빌보드는 ""한 작품 OST에서 4곡이 싱글차트 '톱10'에 동시 진입한 것은 빌보드 역사상 처음""이라고 설명했다.
※CBS노컷뉴스는 여러분의 제보로 함께 세상을 바꿉니다. 각종 비리와 부당대우, 사건사고와 미담 등 모든 얘깃거리를 알려주세요.
이메일 :
jebo@cbs.co.kr
카카오톡 :
@노컷뉴스
사이트 :
https://url.kr/b71afn",2025-08-26,생활/문화
4,황현 초상화·사진 실물 다음 달 공개,https://n.news.naver.com/mnews/article/277/0005642036,아시아경제,이종길 기자,"국립문화유산연구원 광복 80주년 기념 특별강연
국립문화유산연구원은 광복 80주년을 기념해 다음 달 15일 덕수궁 돈덕전에서 황현의 초상화와 사진 실물을 공개하는 특별 강연을 한다고 26일 밝혔다.
보물 '황현 초상 및 사진'의 초상화
황희의 후손인 황현(1855~1910)은 1962년 건국훈장 독립장에 추서된 항일애국지사다. 1888년 장원으로 관직에 들어갔으나 혼란한 정치 상황으로 귀향해 연구와 저술에 매진했다. '매천야록', '오하기문' 등을 저술하다 1910년 국권이 상실되자 자결했다.
이번에 공개되는 '황현 초상 및 사진'은 근대기 대표 초상화가 채용신(1850~1941)의 작품이다. 황현이 자결한 이듬해인 1911년 5월 황현의 사진을 토대로 초상화를 그렸다. 사진은 김규진이 세운 천연당사진관에서 1909년 촬영한 것으로, 초상화와 함께 보물로 지정됐다.
연구원 관계자는 ""당대 최고 화가가 애국지사를 그린 기념비적 작품""이라며 ""사진을 보고 초상화를 그렸던 근대기 제작 방식을 엿볼 수 있다""고 설명했다. 이어 ""개인이 소장하고 있어 실제로 볼 기회는 매우 드물다""고 덧붙였다.
보물 '황현 초상 및 사진'의 사진
참가하려면 27일 오전 10시부터 연구원 누리집에서 신청서를 내려받아 작성해 전자우편으로 제출해야 한다. 연구원은 일반인과 연구자 각각 스무 명을 선착순으로 모집한다. 선정자에게는 다음 달 8일 문자로 개별 안내한다.",2025-08-26,생활/문화
5,"아우디 코리아, 동대문 서비스센터 신규 오픈",https://n.news.naver.com/mnews/article/018/0006098786,이데일리,이윤화 기자,"서울 동부권 지역 프리미엄 정비 서비스 강화
전문 테크니션, 다이렉트·온라인 접수 시스템
아우디 코리아는 공식 딜러사 고진모터스가 ‘아우디 동대문 서비스센터’를 신규 오픈했다고 26일 밝혔다.
아우디 동대문 서비스센터는 총 연면적 2874㎡ 규모에 8개의 워크베이를 갖추고 있으며, 다이렉트 접수 시스템을 통해 빠르고 편리한 서비스를 제공한다. 고급스러운 고객 라운지와 최신 장비, 숙련된 인증 정비 인력을 갖춰 신속하고 정확한 서비스를 지원한다.
서울 동부 핵심 거점에 위치한 동대문 서비스센터는 강남·서초·송파뿐 아니라 강동·구리·성남 등 인접 지역에서도 20분 내 접근이 가능해 이용 편의성을 높였다. 또한 온라인 예약 시스템을 통해 대기 시간을 최소화하고, 차량 정비 이력을 통합 관리해 언제 어디서든 관련 정보를 확인할 수 있다.
고진모터스는 아우디 트윈컵 월드 챔피언십에서 2013년 종합 우승을 비롯해 최근 2024년 종합 2위를 기록하는 등 우수한 성과를 거둔 정비 인력을 보유하고 있다. 정비 부문에서 8년 연속 최우수상을 수상하는 등 검증된 전문성을 바탕으로, 동대문 서비스센터는 ‘3S(Sales, Service, Spare parts)’ 기능을 모두 갖춘 서비스 거점으로, 차량 판매부터 정비 서비스, 순정부품 제공까지 원스톱으로 지원하며, 체계적이고 신뢰할 수 있는 서비스를 제공한다.
동대문 서비스센터는 서울시 동대문구 천호대로 445에 위치하며, 평일 오전 8시 30분부터 오후 6시까지 운영된다. 주말은 매월 둘째, 넷째 주 토요일에 한해 운영되며, 오픈 기념으로 수리 고객에 한해 사은품을 증정한다. 자세한 내용은 고진모터스 서비스센터 카카오 채널을 통해 확인할 수 있다.
아우디 코리아는 앞으로도 전국 주요 거점 지역에 서비스 네트워크를 지속 확장하며, 고객 접점을 강화하고 프리미엄 브랜드 경험을 통해 고객 만족도를 높여 나갈 계획이다.",2025-08-26,생활/문화
6,오너 드리븐 '벤츠 S클래스' 출시…1억5960만원,https://n.news.naver.com/mnews/article/015/0005175530,한국경제,김보형 기자,"‘S 450 4MATIC’ 스탠다드 휠베이스 모델
플래그십 세단 S클래스 선택지 넓어져
메르세데스-벤츠 코리아가 플래그십 세단 ‘S-클래스’의 신규 스탠다드 휠베이스 트림인 ‘메르세데스-벤츠 S 450 4MATIC’을 출시했다고 26일 밝혔다.
차주가 직접 운전하는 오너 드리븐 모델로 차값도 1억 5960만원으로 기존 롱휠베이스 모델보다 저렴해 S-클래스 선택지가 한층 넓어졌다는 평가다.
S-클래스는 메르세데스-벤츠의 철학과 기술의 정수가 담긴 모델이다. 차량에 대한 고객들의 신뢰를 바탕으로, 2003년 4세대 모델을 국내 처음 도입한 후 현행 7세대 모델까지 누적 판매 10만대를 돌파하는 등 플래그십 세단의 기준으로 입지를 공고히 하고 있다.
이번에 출시하는 S 450 4MATIC 스탠다드 휠베이스는 S-클래스 고유의 고급스러운 디자인, 안락한 승차감, 뛰어난 안전성을 그대로 이어받았다. 여기에 스포티한 디테일과 경쟁력 있는 가격, 자가 주행에 적합한 균형 잡힌 길이의 휠베이스를 더해 주행 편의성을 제공한다.
메르세데스-벤츠 코리아는 2025년식 기준 스탠다드 휠베이스 S-클래스에 S 350 d 4MATIC을, 롱 휠베이스 S-클래스에는 S 450 4MATIC, S 500 4MATIC, S 580 4MATIC을 제공하고 있다. 이번 출시로 국내 스탠다드 휠베이스 S-클래스 라인업에 가솔린 모델을 추가해 고객 선택 폭을 확장했다.
차량은 직렬 6기통 가솔린 엔진과 자동 9단 변속기의 조합으로 최고출력 381마력(ps), 최대토크 51kgf.m를 발휘한다. 여기에 2세대 마일드 하이브리드 시스템으로 내연기관 엔진에 추가적으로 최대 17kW의 출력을 제공한다.
S 450 4MATIC의 첨단 안전 및 편의 사양은 국내 S-클래스 고객들의 선호를 반영했다. 최첨단 주행 보조 시스템 ‘드라이빙 어시스턴스 패키지’를 기본 탑재했으며, ▲ 360도 카메라가 포함된 주차 패키지, ▲ MBUX 증강 현실 내비게이션, ▲ 앞좌석 통풍 및 열선 시트, ▲ 파노라믹 선루프, ▲ 부메스터® 3D 서라운드 사운드 시스템 등이 다채롭게 적용됐다.",2025-08-26,생활/문화
0,"SK AX, 실전형 AX 인재 육성…‘AX 실행 생태계’ 확산 속도",https://n.news.naver.com/mnews/article/016/0002519290,헤럴드경제,박혜림 기자,"실전형 AX인재 육성 체계 ‘AI 탤런트 랩’ 사내 운영
고객사도 교육 요청 쇄도
타기업 재직자·청년 구직자들로 교육 확대
AI 탤런트 랩에 참여 중인 SK AX 직원 모습. 
모든 업무에 인공지능(AI)를 적용하는 ‘AI 디폴트 컴퍼니’ 체제 전환을 선언한 SK AX가 사내 안팎으로 실전형 AX 인재를 대거 육성하며 AX 실행 생태계를 확산해 나가고 있다.
SK AX는 사내 실전형 AX 인재 육성 경험을 바탕으로 고객과 산업 전반에 ‘AX로 일하는 방식’ 확산에 나섰다고 26일 밝혔다.
그 일환으로 과제 초기 단계부터 AI 도입 가능성을 검토 중이다. 실행 단계에서는 사람이 방향을 설정하고 AI가 수행하는 구조를 조직 전반에 내재화하고 있다. 이 같은 변화 중심에는 SK AX가 독자적으로 설계하고 운영 중인 실전형 인재 육성 체계 ‘AI 탤런트 랩’(Talent Lab)이 있다.
AI 탤런트 랩은 구성원이 직접 문제를 정의하고 스스로 업무에 최적화된 AI 에이전트를 설계하고 구현할 수 있도록 설계된 실전형 훈련 플랫폼이다. 생성형 AI를 통해 일상 업무를 자동화하거나 단순 지원하는 단계를 넘어, 비개발자도 AI 모델을 만들고 비즈니스 문제 해결에 직접 적용할 수 있는 수준으로 끌어올리는 것이 목표다.
입문 과정에서는 생성형 AI를 자유롭게 다루고, 자신에게 맞는 업무 언어로 프롬프트를 구성하고 실행하는 능력을 기른다. 이를 뒷받침하기 위해 SK AX는 자체 ‘AI 리터러시 인증 체계’를 구축해, AI 활용 능력을 실질적으로 측정하고 내재화하고 있다. 이후 진행되는 ‘AI 부트캠프’ 과정에서는 비개발자도 완결된 AI 에이전트를 구현할 수 있도록 커리큘럼을 구성했다. 또 온라인 환경에서 수백 명이 동시에 1:1 집중 훈련을 받을 수 있도록 설계했다.
경기도 성남시에 위치한 SK AX 본사 전경. 
이어지는 ‘AI 마스터 프로젝트’ 과정은 단순 이론 검증이 아닌, 실제 현업 환경을 그대로 옮겨와 해결하는 구조로 운영한다. 실전 AI 프로젝트를 리딩할 수 있는 전문가로 전환될 수 있도록 집중 멘토링을 병행한다.
SK AX는 이러한 AX인재 육성 체계를 고객·Biz.파트너사·사회 전체에도 전파하고 있다. 차지원 SK AX AT서비스1본부장은 “실제 프로젝트를 함께 수행한 고객사 개발자들 사이에서 ‘우리도 AI 탤런트 랩(Talent Lab) 교육을 받고 싶다’는 요청이 이어지고 있다”며 “SK AX는 이를 기점으로 대외 확산을 본격화하고 있다” 고 말했다.
SK AX는 중소·중견기업 재직자와 청년 구직자를 대상으로 한 실전형 AX 교육으로도 발을 넓히고 있다. ‘대중소상생 아카데미’는 개설 두 달 만에 600여 명에 달하는 실전형 인재를 배출하며 고용노동부가 선정한 대표 우수 프로그램으로 지정됐다. 청년 구직자를 대상으로 한 K-Digital Training 프로그램 ‘스칼라’(SKALA)도 지난달에 1기 과정을 마쳤으며, 수료 직후 현재까지 수료자의 88%가 취업에 성공했다.
김민환 SK AX Talent담당은 “AI는 배우는 것이 아니라, 직접 구현하고 문제를 해결하는 도구로 써야 한다”며 “SK AX는 구성원과 고객이 함께 실전형 AX 역량을 갖춘다는 철학 아래, 산업 전반에 걸쳐 AX 실행 생태계를 함께 만들어가고 있다”고 말했다.",2025-08-26,IT/과학
1,"52개 연구기관 모인 과출협, PBS 단계적 폐지 ""환영""",https://n.news.naver.com/mnews/article/092/0002387654,지디넷코리아,박희범 기자,"26일 입장문…임무 R&D·자율성·AI기반 기술개발 확대·처우개선 등 요구도
과학기술출연기관장협의회(과출협)는 지난 22일 과학기술정보통신부에서 발표한 연구과제중심제도(PBS)의 단계적 폐지 조치를 환영한다는 입장문을 26일 발표했다.
과출협은 PBS가 당초 좋은 도입 취지에도 불구하고, 과학기술출연연구기관이 국가로부터 부여받은 고유 연구개발 임무보다는 연구자들이 개별적으로 수주한 다양한 과제 수행에 치중, 기관의 연구 집중도를 저하시키고 대형 연구성과 창출에 장애가 되는 등 여러 부작용을 야기했다고 밝혔다.
사진_쿨립아트코리아
PBS는 지난 1996년 출연연 방만한 운영과 연구성과 저조 등 기관 운영 및 R&D 성과에 문제가 드러나 시행됐다.
과출협은 특히, 정부가 제시한 기술주도성장 전략이 실효적인 성과를 달성하기 위해서는 PBS제도 폐지를 시작으로 기관임무특화 R&D의 안정적인 지원, 기관운영의 자율성 보장, AI기반 기술개발 확대, 과학기술인처우 개선 등 다양한 정책적 뒷받침이 필요하다는 입장을 나타냈다.
과출협은 출연연이 국가 난제를 해결하고 사회에 유익한 대형 연구성과를 지속적으로 창출하며, 글로벌 일류 경쟁력 확보를 위해 최선을 다하겠다는 입장을 내고, 출연연 과학기술자들이 연구에 더욱 몰입할 수 있는 환경이 조성되도록 정부의 많은 관심과 지원이 이뤄지길 기대한다고 덧붙였다.
과출협은 정부 출연연구기관 52개로 구성돼 있다. 회장은 한국원자력연구원 주한규 원장이 맡고 있다.",2025-08-26,IT/과학
2,카카오 이어 우버 ‘4900원’ 멤버십 출시…한국 시장 공략 ‘속도’,https://n.news.naver.com/mnews/article/016/0002519501,헤럴드경제,차민주 기자,"‘우버 원’ 출시…요금 최대 10% 크레딧 적립
베타 테스팅 기간 거쳐 9월 초까지 순차 출시
출시 기념 신규 이용자 1개월 무료 혜택 제공
도미닉 테일러 “한국 트립 수 두 자릿수 성장”
도미닉 테일러 우버 모빌리티 아태지역 총괄 대표가 26일 롯데호텔 서울에서 열린 우버 미디어 간담회에서 발언하는 모습 
국내 모빌리티 시장 내 ‘구독 경쟁’이 거세지고 있다. 카카오모빌리티에 이어 우버가 월 4900원으로 택시를 이용할 수 있는 구독형 멤버십 서비스 ‘우버 원(Uber One)’을 출시했다.
26일 송진우 우버 택시 코리아 총괄은 롯데호텔 서울에서 열린 미디어 간담회에서 우버 원 출시를 알리면서 “승객에게 더 다양한 선택지를, 기사들에게 새 수익 창출 기회를 제공하는 서비스를 출시해 오는 하반기 한국 시장에서 한 단계 더 도약하겠다”고 했다.
우버 원은 택시를 자주 이용하는 이를 위한 구독형 멤버십 서비스다. 우버 원 회원은 우버 택시를 이용할 때마다 요금의 최대 10%를 크레딧으로 적립 받아 다음 승차 때 사용할 수 있다. 구체적으로 우버 택시 가맹 상품(우버 택시·스피드 호출·우버 블랙·일반 택시XL)은 10%, 일반 택시·모범 택시·그린 상품은 5%가 적립된다. 아울러 ‘평점이 높은 기사님 우선 배차’와 같은 혜택도 누릴 수 있다.
우버 원의 가격은 월 4900원이다. 연간 결제 비용은 4만9000원으로, 약 17% 저렴한 가격으로 사용 가능하다. 우버는 일부 지역 베타 테스팅 기간을 거쳐 오는 9월 초까지 출시를 완료한단 방침이다. 이어 이번 공식 출시를 기념해 신규 이용자에게 1개월 무료 체험 혜택도 제공한다.
송진우 우버 택시 코리아 총괄이 26일 롯데호텔 서울에서 열린 우버 미디어 간담회에서 발언하는 모습 
아울러 이날 우버는 ‘우버 청소년 자녀 계정(Uber teen accounts)’ 출시 또한 알렸다. 이는 부모와 청소년의 계정을 연동한 서비스로, 청소년이 해당 계정을 통해 택시를 호출하면 부모가 우버 앱에서 자녀의 여정을 실시간 모니터링할 수 있다. 월별·건별 지출 한도 설정도 가능하다. 아울러 개인식별번호(PIN) 인증, 앱을 통한 112 전화 연결 등 안전 기능이 강제 적용된다. 특히 PIN 인증은 국내 모빌리티 시장에서 우버만 제공하는 기술이다.
우버 청소년 자녀 계정은 오는 29일 서울·인천·성남·대전·대구·울산·부산·제주를 시작으로 출시된다. 이후 전국에 확대 론칭할 예정이다.
도미닉 테일러 우버 모빌리티 아태지역 총괄 대표는 “우버는 이동의 자유를 제공하는 것을 넘어, 일자리 창출에도 크게 기여하고 있다”며 “우버는 한국에서 승객과 기사님들께 더 많은 선택지를 제공하는 브랜드로서 서비스 품질을 높이고 있다”고 말했다.
이어 그는 “한국은 우버의 핵심 시장 중 하나로 빠르게 성장하고 있으며, 실제 한국 내 우버 택시 트립 수(택시 호출부터 배차·탑승까지 완료된 수치)는 매년 두 자릿수의 성장세를 기록하고 있다”고 강조했다.
한편, 우버가 한국 시장을 공략하는 서비스를 대거 출시하면서 오는 하반기 우버와 카카오모빌리티 간 ‘밥그릇 싸움’이 심화할 것으로 전망된다. 대표적인 것이 구독형 멤버십 서비스다.
지난 25일 카카오모빌리티는 구독 서비스 ‘카카오T 멤버스’를 오는 27일 정식 출시한다고 밝혔다. 해당 멤버십은 ▷블루파트너스 이용료 100% 할인 쿠폰, 밴티·블랙 이용시 3% 적립 혜택 등을 제공하는 ‘이동 플러스’ ▷주차권·주차패스 등을 제공하는 ‘내 차 플러스’로 구성됐다. 구독료는 각각 월 4900원, 5000원이다.",2025-08-26,IT/과학
3,"베스핀글로벌, 생성형AI 프로젝트로 美 마케팅기업 일 매출 67% 높였다",https://n.news.naver.com/mnews/article/009/0005547540,매일경제,김태성 기자,"글로벌 이커머스 기업 애드본 커머스
생성형AI 쇼핑 솔루션 프로젝트 수행
구글 제미나이·베오로 상품 콘텐츠 강화
베스핀글로벌
인공지능(AI) 매니지드 서비스 전문 기업 베스핀글로벌은 자사 미국법인이 구글 클라우드와 함께 글로벌 이커머스 기업 애드본 커머스의 생성형 AI 기반 온라인 쇼핑 솔루션 프로젝트를 성공적으로 수행했다고 26일 밝혔다.
애드본 커머스는 2019년 설립된 미국의 마케팅 테크놀로지 전문 기업으로 고객사 이커머스 사이트의 콘텐츠 생성, 검색 및 미디어 최적화를 지원한다. 현재 월마트(Walmart), 빅 롯츠(Big Lots), 웨이페어(Wayfair) 등 다수의 미국 유통기업을 고객사로 확보하고 있다.
베스핀글로벌은 이번 프로젝트에서 구글 제미나이와 AI 영상 생성 모델 베오(VEO)를 활용해 상품 콘텐츠 제작을 자동화했다. 생성형 AI로 상품 상세 정보를 작성·개선하고, 상품의 이해를 돕는 라이프스타일 동영상을 추가하여 소비자가 원하는 제품을 더 쉽게 찾을 수 있도록 지원했다.
그 결과 애드본 커머스 고객사의 제품 검색 상위 노출이 30% 증가했고, 60일 만에 1700만 달러의 매출이 늘어나 일 평균 매출이 67% 뛰었다. AI 기반 카탈로그 관리와 생성형 AI 라이프스타일 동영상 도입으로 상품 콘텐츠 수준이 향상되고 고객 참여도가 높아졌으며, 구매 전환율이 카테고리 내 유사 제품 대비 평균 41% 증가했다.
베스핀글로벌 미국법인은 이번 성과를 발판으로 북미 시장 내 입지를 빠르게 확대하고 있다. 2021년 진출 이후 시저스 엔터테인먼트(Caesars Entertainment), 나일라스(Nylas) 등 다양한 현지 고객사를 확보하며 매년 두 자릿수 성장을 기록해왔으며, 지난해 930억 원의 매출을 달성한 데 이어 올해 상반기에도 20% 이상 성장했다.
김써니 베스핀글로벌 글로벌 대표는 “베스핀글로벌은 산업별 맞춤 솔루션과 AI·클라우드 기술 역량을 바탕으로 시장 경쟁력을 강화하고 고객가치를 높이고 있다”며 “앞으로도 혁신적이고 차별화된 솔루션으로 북미 시장 점유율을 지속 확대해 나가겠다”고 말했다.
한편, 베스핀글로벌은 신규 사업 가속화를 위해 AI 전문가 데이비드 팅을 최고기술책임자(CTO)로 영입했다. 영업과 보안 부문 핵심 리더의 합류로 조직 전문성과 시장 대응력도 한층 높아졌다. 하반기에는 영업 조직 재편과 제품·서비스 포트폴리오 전략 개편을 통해 AI·데이터·클라우드 전환 분야에서 새로운 성장 기회를 발굴할 계획이다.",2025-08-26,IT/과학
4,"KAIST, 공정 변화에도 성능 유지하는 AI 불량 검출 기술 개발",https://n.news.naver.com/mnews/article/119/0002995092,데일리안,김소희 기자,"센서 데이터 성분 분해해 자동 보정…정확도 최대 9.42% 향상
스마트팩토리 불량률 개선 기대…플러그인 방식으로 실용성 ↑
연구팀에서 개발한 TA4LS 기술 개념도. ⓒ한국과학기술원
한국과학기술원(KAIST)은 전산학부 이재길 교수 연구팀이 제조 공정이나 설비가 바뀌어도 기존 인공지능(AI) 모델을 추가적인 불량 레이블링 없이 활용할 수 있는 ‘시계열 도메인 적응’ 기술을 개발했다고 26일 밝혔다.
‘시계열 도메인 적응(Time-series Domain Adaptation)’은 시간에 따라 변하는 데이터(온도 변화, 기계 진동, 전력 사용량, 센서 신호 등)를 다루는 AI 모델이 훈련받은 환경과 실제 적용 환경이 달라져도 추가 학습 없이 성능을 유지하도록 돕는 기술이다.
연구팀은 공정 변화에 따른 성능 저하 원인이 단순한 데이터 분포 차이뿐 아니라 불량 발생 패턴(레이블 분포) 자체 변화에 있다는 점에 주목했다. 예컨대 반도체 웨이퍼 공정에서 환형 불량과 스크래치 불량의 비율이 설비 변경으로 달라질 수 있다.
이를 해결하기 위해 연구팀은 새로운 공정의 센서 데이터를 추세, 비추세, 주파수 성분으로 분해해 각각의 특성을 파악하는 방법을 고안했다. 사람이 기계 소리의 높낮이와 진동 패턴, 주기적 변화를 종합적으로 인식하듯 AI도 데이터를 다각도로 분석하도록 한 것이다.
또 기존 모델 예측 결과를 새로운 공정 데이터의 군집 정보와 비교해 자동으로 보정하는 ‘TA4LS(Time-series domain Adaptation for mitigating Label Shifts)’ 기술을 개발했다. 이를 통해 기존 공정의 불량 발생 패턴에 편향된 예측을 새로운 공정에 맞게 조정할 수 있다.
이 기술은 기존 AI 모델에 플러그인 모듈처럼 쉽게 결합할 수 있어 실용성이 높다. 현재 사용 중인 AI 기술에 구애받지 않고 간단한 절차만 거치면 적용 가능하다.
연구팀은 4종류의 센서 데이터 벤치마크를 활용한 실험에서 기존 방법 대비 최대 9.42% 정확도를 높였다. 특히 레이블 분포 차이가 큰 경우에도 AI가 이를 보정해 판별하는 성능 향상이 두드러졌다. 이는 여러 제품을 소량 생산하는 스마트팩토리 환경에서 불량률을 줄이고 효율성을 높이는 데 기여할 것으로 기대된다.
이재길 KAIST 교수는 “제조업에서 인공지능 도입의 가장 큰 걸림돌이던 공정 변경 시 재훈련 문제를 해결한 기술”이라며 “실용화되면 유지 비용 절감과 불량 탐지율 개선을 통해 스마트팩토리 확산에 기여할 것”이라고 말했다.",2025-08-26,IT/과학
5,"KT, 차세대 통신망 'AI-RAN' 국내 첫 상용 검증",https://n.news.naver.com/mnews/article/421/0008447648,뉴스1,이기범 기자,"상용 5G망에서 기술 검증 시작…나주서 첫 적용 후 단계적 확대
(KT 제공)
(서울=뉴스1) 이기범 기자 = KT(030200)가 상용 5G망에서 인공지능(AI) 기반 무선접속망인 'AI-RAN' 기술 검증을 시작했다고 26일 밝혔다. 상용 5G망에 AI-RAN을 구현하는 건 이번이 국내 첫 사례다.
AI-RAN은 기지국과 네트워크 서버의 사이에 오가는 트래픽 데이터를 실시간으로 분석해 최적의 네트워크 환경을 제공하는 차세대 통신망 기술이다. 해당 기술이 적용된 기지국은 전용 AI 엔진을 통해 실시간으로 전파 상태와 트래픽 패턴을 파악해 무선 자원을 최적화할 수 있다.
이번 검증은 노키아의 최신 5G 기지국 장비에 내장된 AI 전용 프로세서를 활용해 전남 나주 지역에서 진행된다. KT는 검증 결과를 토대로 AI-RAN 상용 서비스를 시작하고 단계적으로 적용 지역을 확대할 계획이다.
향후 KT는 상용망에서 AI-RAN 기술을 최적화한 후 6G에서 요구될 기술 사양과 운용 기준을 선제적으로 마련할 계획이다.
권혜진 KT 네트워크전략본부장은 ""AI RAN은 고객 체감 품질을 끌어올리는 동시에 6G 시대를 위한 필수 기술""이라며 ""KT는 상용망에서 AI RAN을 가장 먼저 검증·도입해 네트워크 혁신을 주도하고, 기술 리더십을 지속적으로 강화할 예정""이라고 말했다.
<용어설명>
■ AI-RAN
AI-RAN은 인공지능 기반 무선 접속망(Artificial Intelligence Radio Access Network)을 의미한다. AI 기술을 기반으로 기지국과 네트워크 서버의 사이에 오가는 트래픽 데이터를 실시간으로 분석해 최적의 네트워크 환경을 제공하는 차세대 통신망 기술로 평가된다.",2025-08-26,IT/과학
6,"LG유플러스 ""IPTV 이상 징후, AI가 파악해준다""…'고객 불만 제로화'",https://n.news.naver.com/mnews/article/277/0005642149,아시아경제,김보경 기자,"서비스 이상 여부 판단
매일 1조개 데이터 분석
불만 접수 건수 10%↓
LG유플러스가 인공지능(AI) 기술로 인터넷TV(IPTV)에서 발생하는 서비스 이상 여부를 판단한다. 향후 IPTV를 넘어 홈 서비스 전 영역으로 AI를 확대 적용해 '고객 불만 제로화'에 나선다는 계획이다.
강봉수 LG유플러스 품질혁신센터장(상무)이 26일 서울 중구 LG서울역빌딩에서 열린 기자간담회에서 인공지능(AI) 기반 고객 불편 예측·선제 조치 시스템을 소개하고 있다. LG유플러스 제공
LG유플러스는 26일 서울 중구 LG서울역빌딩에서 기자간담회를 열고 자체 개발한 'AI 기반 고객 불편 예측 및 선제 조치 시스템'을 소개했다. 이 시스템은 IPTV나 공유기에서 발생하는 데이터를 AI가 분석해 이상 징후를 파악하고, 이상 발생 시 선제적으로 대응하는 역할을 한다.
강봉수 LG유플러스 품질혁신센터장(상무)은 ""고객 누구나 인정하는 최고 품질의 서비스를 위해 AI 기반의 시스템을 개발해 도입했다""며 ""향후 IPTV를 넘어 서비스 전 영역으로 AI를 확대 적용해 고객 불만 제로화에 도전하겠다""고 말했다.
AI 기반 고객 불편 예측 및 선제 조치 시스템은 고객이 IPTV 서비스를 이용하면서 발생하는 데이터를 분석해 서비스 이상 여부를 판단한다. AI가 분석하는 고객의 데이터는 매일 1조개 이상이다. 이상이 발생하면 AI가 자체적으로 1차 해결에 나선다.
예를 들어 방송 화질 저하 문제가 발생한 경우 고객이 불만을 접수하지 않더라도 AI가 이상을 파악하고 재부팅이나 원격 조치 등을 통해 즉시 문제를 해결할 수 있다. 이러한 조치는 고객이 셋톱박스를 사용하지 않을 때만 이뤄진다.
시스템 도입에 앞서 시범 테스트를 진행한 결과 고객의 불만 접수 건수가 약 10% 줄어든 것으로 집계됐다. 고객의 불만을 예측하는 정확도는 약 30%로 나타났다.
LG유플러스는 UHD4 셋톱박스를 이용하는 90만 고객을 대상으로 'AI 기반 고객 불편 예측 및 선제 조치 시스템'을 우선 적용하고, 내년 중 400만에 이르는 모든 IPTV 고객으로 시스템을 확대 적용할 계획이다.
또한 이상 탐지 범위와 정확도를 높이고 AP 등 홈 네트워크 단말 전반으로 시스템을 확대 적용할 예정이다. 이를 통해 홈 네트워크 모든 과정에서 사람이 개입하지 않고 AI가 처리하는 '완전 자율 관리체계'를 완성할 방침이다.
강 센터장은 ""AI 기반의 품질 관리는 고객의 서비스 만족도 향상은 물론 업무 효율성을 극대화하는 핵심 동력이 될 것""이라며 ""앞으로도 AI 등 최신 기술을 적용해 고객이 체감할 수 있는 최고의 품질 경험을 제공할 것""이라고 말했다.",2025-08-26,IT/과학
7,"""드로그바·앙리·아자르·부폰 보세요"" SOOP, ‘2025 넥슨 아이콘 매치’ 생중계",https://n.news.naver.com/mnews/article/014/0005396794,파이낸셜뉴스,구자윤 기자,"SOOP은 다음달 13~14일 드로그바, 앙리, 아자르, 부폰 등 레전드 선수들이 출전하는 ‘2025 넥슨 아이콘 매치: 창의 귀환, 반격의 시작(이하 아이콘 매치)’을 생중계한다고 26일 밝혔다. 특히 SOOP은 생중계와 함께 사전 티켓 이벤트, 드롭스 보상, 스트리머와 함께하는 뷰잉파티 등 팬들이 참여할 수 있는 다양한 프로그램을 운영한다.
‘아이콘 매치’는 넥슨이 서비스하는 정통 온라인 축구게임 ‘EA SPORTS FC 온라인'과 'EA SPORTS FC 모바일'에서 전설적인 선수로 구성된 ‘아이콘 클래스’에 속하는 선수들이 실제로 경기장에 모여 축구 경기를 펼치는 이색 매치다. ‘최고의 창과 최고의 방패의 대결’이라는 콘셉트와 함께 공격수로 구성된 ‘FC 스피어’와 수비수로 이뤄진 ‘실드 유나이티드’가 축구 대결을 펼치게 된다.
한국 선수로는 박지성과 구자철이 참가하며 티에리 앙리, 디디에 드로그바, 에덴 아자르, 리오 퍼디난드 등 축구 팬들의 가슴을 뜨겁게 달궜던 선수들이 출천 소식을 알리며 화제를 모으고 있다.
13일 진행되는 DAY1에는 ‘1:1 대결’, ‘터치 챌린지’, ‘커브 챌린지’ 등 다양한 미니 게임을 진행하는 이벤트 매치가 진행된다. SOOP에서 제작을 맡아 팬들과 선수 모두가 소통하며 즐길 수 있는 콘텐츠를 마련할 계획이다. 14일 DAY2에는 서울월드컵 경기장에서 ‘FC 스피어’와 ‘실드 유나이티드’의 11대 11 축구 경기가 펼쳐진다. 지난해 진행된 아이콘 매치에서 ‘실드 유나이티드’가 승리한 만큼 이번 대회는 ‘창의 귀환, 반격의 시작’이라는 콘셉트로 진행된다.
SOOP은 오는 ‘2025 아이콘매치’ 개최 기간에 맞춰 온·오프라인에서 다채로운 이벤트를 진행 예정이다. 온라인에서는 △아이콘 코스프레 콘테스트 △드롭스 이벤트 △캐치 생성 이벤트 등 유저 참여형 프로그램이 마련된다. 특히 ‘아이콘 코스프레 콘테스트’는 SOOP 유저가 ‘2025 아이콘매치’ 출전 선수를 직접 따라 한 사진을 공식 채널에 업로드하는 방식으로 진행되며, 우수 참가자 12인에게는 DAY2 아이콘매치 메인 매치 직관 티켓이 제공된다. 이와 함께 SOOP에서 ‘2025 아이콘매치’를 시청하는 유저들은 문화상품권 5000원권 드롭스에 자동 응모되며 SOOP 숏폼 영상 서비스 ‘캐치’를 활용해 명장면 하이라이트 영상을 제작할 경우 출전 선수의 친필 사인 유니폼 및 공식 머천다이즈를 받을 수 있는 추가 기회가 주어진다.
오프라인 이벤트로는 내달 14일 서울 잠실 ‘DN 콜로세움’에서 유저와 스트리머가 함께 선수들을 응원하는 ‘SOOP 아이콘매치 뷰잉 파티’를 통해 현장의 열기를 생생하게 전달할 예정이다. SOOP 스트리머 두치와뿌꾸, 유봉훈이 진행을 맡는다. 이번 행사에는 롯데웰푸드 ‘월드콘’이 공식 스폰서로 참여한다. 이에 따라 현장을 찾은 관객들에게는 뷰잉파티 웰컴 키트가 제공되며 롯데웰푸드 ‘월드콘’ 아이스크림을 무료로 시식할 수 있는 혜택도 마련된다.",2025-08-26,IT/과학
0,"트럼프, 정상회담 중 ""주한미군 기지 부지 소유권 요구할 수도""",https://n.news.naver.com/mnews/article/123/0002366617,조세일보,정수민 기자,"""주한미군 감축 계획"" 묻는 질문에 방위비 인상 재압박
""임대조건 모두 없애고 소유권 확보 가능성 보려해""
◆…백악관을 방문한 이재명 대통령과 도널드 트럼프 미 대통령 2025.08.25<사진=로이터>
도널드 트럼프 미국 대통령이 25일(현지시간) 이재명 대통령과의 정상회담에서 한국 내 주한미군 기지 부지의 소유권을 요구할 가능성을 언급했다.
트럼프 대통령은 이날 회담 중 ""주한미군 병력을 줄여 전략적 유연성을 확대할 계획이 있느냐""는 기자의 질문에 ""바이든 전 대통령 때문에 미국이 수십억 달러의 방위비를 받지 못했다""고 주장했다.
그는 이어 ""한국과 미국은 좋은 군사적 관계를 유지하고 있다""면서도 ""한국은 마치 미국에 땅을 줬다고 말하지만 사실은 임대한 것(lease)이다. 이는 엄청난 차이가 있다""고 지적했다.
그러면서 ""한국 정부에 요구하려는 것 중 하나는 미군이 대규모 기지를 두고 있는 부지의 소유권(ownership)을 넘겨달라는 것""이라며 ""미국은 기지를 건설하는 데 막대한 돈을 투입했다. 임대 조건을 모두 없애고 소유권을 확보할 수 있는지 보려 한다""고 말했다.
트럼프 대통령은 답변 과정에서 ""우리는 오랫동안 친구였고, 한국에는 4만 명 규모의 미군이 주둔하고 있다""고 말하기도 했으나 현재 실제 주한미군 병력은 약 2만8,500명 수준이다.
트럼프 대통령은 대선 기간부터 주한미군 주둔 비용 증액을 요구하며 분담금 재협상을 추진하겠다는 입장을 밝혀왔다. 그는 1기 집권 당시 한국으로부터 주둔 비용을 더 받아냈지만, 조 바이든 전 대통령이 그 합의를 ""취소했다""고 주장했다. 그러나 이는 사실과 다르다.
트럼프 대통령은 2020년 한국에 연간 50억 달러(약 6조8,000억 원)의 방위비를 요구했으나, 한국이 거부하면서 결국 기존보다 약 13% 인상된 10억 달러 수준에서 합의가 이뤄졌다.",2025-08-26,세계
1,“대체 누구?” 트럼프 옆 ‘씬 스틸러’…전업주부 출신 女 정체,https://n.news.naver.com/mnews/article/081/0003568809,서울신문,하승연 기자,"이재명 대통령과 도널드 트럼프 미국 대통령이 25일(현지 시간) 미국 워싱턴DC 백악관에서 한미 정상회담을 하고 있다. 2025.08.26. 뉴시스
이재명 대통령과 도널드 트럼프 미국 대통령이 25일(현지시간) 백악관 오벌 오피스에서 양국 취재진이 지켜보는 가운데 약 1시간 동안 공개 회담을 가졌다. 이날 정상회담은 약 2시간 20분 만에 종료됐다.
이 대통령과 트럼프의 발언이 각각 영어·한국어로 순차 통역됐는데, 우리 측에서는 외교부 서기관 출신인 이 대통령의 ‘1호 통역’ 조영민 대통령실 행정관이 사실상 첫 데뷔전을 치렀다.
미국 측에서는 국무부 소속 이연향 국장이 트럼프 오른편에 앉아 대통령의 말을 한국어로 통역했다.
이 국장은 2000년대 초반부터 국무부 한국어 담당 통역관으로 활동하면서 한미 정상회담은 물론 미·북 정상회담 등 주요 외교 행사 때마다 등장했던 익숙한 얼굴이다.
아이보리색 재킷을 입고 무테안경을 쓴 이 국장은 이날 노트 패드에 트럼프의 발언을 적어가며 통역을 했다. 다른 정상들과 달리 트럼프가 끊지 않고 꽤 길게 말했는데도 이를 능숙한 솜씨로 한국어로 전달했다.
이재명 대통령과 도널드 트럼프 미국 대통령이 25일(현지시간) 미국 워싱턴DC 백악관에서 정상회담을 하고 있다. 2025.8.26 연합뉴스
이재명 대통령과 도널드 트럼프 미국 대통령이 25일(현지시간) 미국 워싱턴DC 백악관에서 정상회담을 하고 있다. 워싱턴DC 연합뉴스
그간 트럼프 대통령의 통역은 ‘닥터 리’로 통하는 이 국장이 맡아 왔다. 이 국장은 지난 2018년 6월 싱가포르 북미 정상회담과 지난 2019년 2월 하노이 북미 정상회담에서도 트럼프 대통령의 통역을 맡았다.
이 국장은 2010년 힐러리 클린턴 전 국무장관이 이명박 전 대통령을 만났을 때도 동행했다. 2014년 버락 오바마 전 대통령이 한국을 방문했을 때도 통역관으로 활약하면서 ‘베테랑’으로 불렸다.
이 국장은 전업주부에서 세계 최고 지도자인 미 대통령의 통역 담당이 된 것으로 유명하다. 서울예고·연세대 성악과를 나온 이연향 박사는 친구를 따라 한국외국어대 통번역대학원 시험을 쳤다가 합격해 통역사로서 첫발을 내디뎠다.
바이든 정부 때 토니 블링컨 국무장관은 2022년 이 국장에 대해 “외교통역팀의 필수 멤버로 우리는 그녀와 그녀의 팀 없이는 업무를 할 수 없다”며 “단순히 단어의 의미뿐 아니라 어감과 강조점까지 전달할 수 있다는 게 놀랍다”고 했다.
이 국장은 지난해 2월 워싱턴 DC의 싱크탱크인 한미경제연구소(KEI)가 주최한 회담에서 미·북 회담 통역 경험을 두고 “한국에서 나고 자란 사람으로서 ‘비현실’이란 단어를 사용하고 싶다”며 “놀랍고 흥분되는 일이었다. 그러나 차분하고자 노력했다”고 전했다.",2025-08-26,세계
2,"중국 특사단, 왕이 외교부장 면담…""경주 APEC에 시진핑 초청""",https://n.news.naver.com/mnews/article/422/0000774292,연합뉴스TV,No Reporter,"이재명 대통령이 중국에 파견한 특사단이 베이징 조어대에서 왕이 외교부장과 만나 면담에 이어 만찬을 했다고 외교부가 오늘(25일) 밝혔습니다.
박병석 전 국회의장을 단장으로 하는 특사단은 한중 수교 33주년 기념일인 어제(24일) 베이징 조어대에서 왕이 부장을 만나 한중관계 발전 방향에 관한 이 대통령의 시진핑 중국 국가주석 앞 친서를 전달했습니다.
또한 특사단은 경주 APEC 정상회의 계기 시 주석의 방한을 요청했으며, '한중 전략적 협력 동반자 관계'의 성숙한 발전을 추진하겠다는 입장도 전달했습니다.
왕이 부장은 한중관계 발전에 관한 메시지를 전달해 준 데 대해 사의를 표했습니다.
#중국특사단 #왕이 #중국외교부장 #시진핑 #APEC #초청
연합뉴스TV 기사문의 및 제보 : 카톡/라인 jebo23",2025-08-26,세계
3,"트럼프 ""인텔 지분 확보 방식 기업 투자 확대할 것""…기업계 우려 확산",https://n.news.naver.com/mnews/article/123/0002366624,조세일보,정수민 기자,"인텔 ""트럼프 정부 최대주주 우려…해외서 규제받을 수도""
◆…도널드 트럼프 미국 대통령이 25일(현지시간) ""건강한 미국 기업에 대한 투자를 더 늘리겠다""고 밝혔다. <사진=로이터>
도널드 트럼프 미국 대통령이 25일(현지시간) ""건강한 미국 기업에 대한 투자를 더 늘리겠다""고 밝히면서 기업계의 우려가 확산되고 있다. 인텔은 최근 트럼프 행정부가 자사의 최대주주 지분을 확보한 것과 관련해 해외 규제와 주가 희석 가능성을 문제로 지적했다.
백악관이 지난주 반도체 기업 인텔에 대한 정부 보조금을 주식 지분으로 전환해 약 10% 지분을 확보했다고 발표한 가운데 트럼프 대통령은 이날 백악관에서 기자들에게 ""앞으로도 이와 유사한 사례를 많이 만들고 싶다""고 말했다.
앞서 로이터통신은 하워드 러트닉 미국 상무장관이 인텔과의 지분 교환 협상에 이어 삼성전자, 마이크론(Micron), 대만 TSMC 등 CHIPS법 수혜 기업들에 대해서도 정부 지분 확보 방안을 모색 중이라고 보도했다. 다만 월스트리트저널(WSJ)은 ""상무부가 TSMC나 마이크론처럼 미국 내 투자를 확대하는 기업의 지분 확보를 검토하고 있지 않지만, 추가 투자 약속이 부족한 기업은 보조금을 받는 조건으로 일정 지분을 제공해야 할 수 있다""고 전했다.
트럼프 행정부의 이러한 행보는 기존 관행을 뒤흔드는 것으로 평가된다. 그동안 정부가 기업 지분을 확보하는 경우는 2008년 글로벌 금융위기나 미국 자동차 산업 구제 등 극히 예외적인 상황에 국한됐다. 인텔은 현재 경영상 어려움을 겪고 있지만 90억 달러 현금과 1,050억 달러 규모의 시가총액을 보유하고 있다.
비판론자들은 인텔 사례와 함께 연방준비제도(Fed)에 대한 금리 인하 압박, 수입품 관세 부과 긴급 권한 사용, 다양한 기업 합병 개입 등이 미국 기업계의 유연성을 위협한다고 지적한다. 빌 조지 전 메드트로닉 CEO는 ""미국 경제가 순수 자본주의에서 훨씬 더 국가 개입적인 경제로 이동하고 있다. 이는 미국 역사상 매우 큰 변화""라고 말했다.
공화당 소속 켄터키주 상원의원 랜드 폴은 ""정부가 인텔 지분을 확보하는 것은 사회주의적 조치가 아니냐""고 비판했다.
한편, 인텔은 이날 미국 증권거래위원회(SEC) 공시를 통해 ""미국 정부가 주요 주주가 되면서 해외에서 추가 규제를 받을 수 있고, 해외 보조금 수령에도 제한이 생길 수 있다""고 우려를 나타냈다.
또한 정부에 발행되는 주식이 현재 시장가보다 낮은 가격으로 책정돼 기존 주주의 주식 가치가 약 20% 희석될 수 있다고 지적했다. 실제로 매입 예정 가격은 20.47달러로, 지난 22일 종가 24.80달러보다 낮다. 아울러 인텔은 미국 정부가 의사결정 과정에 영향을 미치면서 주주 이익이 제한될 가능성도 있다고 밝혔다. 이날 인텔 주가는 1.01% 하락하며 마감했다.",2025-08-26,세계
4,"트럼프에 찬물 끼얹는 러시아...“푸틴-젤렌스키 회담 현재는 계획 없다""",https://n.news.naver.com/mnews/article/437/0000454103,JTBC,백민경 기자,"트럼프 미국 대통령이 주도하는 우크라이나 전쟁 종전 관련 회담에 러시아가 제동을 걸었습니다.
현지시간 24일 라브로프 러시아 외무장관이 ""회담 계획은 없다""고 밝히면서입니다.
“회담 일정은 없습니다. 푸틴은 회담 의제가 준비되면 젤렌스키와 회담할 준비가 돼 있습니다. 하지만 의제가 전혀 준비돼 있지 않죠.""
최근 트럼프 대통령이 푸틴 러시아 대통령에 이어 젤렌스키 우크라이나 대통령, 유럽 정상들을 연이어 만나며 속도를 낸 것에 찬물을 끼얹은 셈입니다.
트럼프는 현지시간 18일 젤렌스키와 유럽 정상들과 회담을 하던 중에 푸틴에게 전화해 '3자 회담'을 타진하기까지 했습니다.
하지만 러시아는 트럼프를 만나고 온 이후 시종일관 어깃장을 놓고 있습니다.
우크라이나에 대해서는 ""젤렌스키가 모든 것에 '아니오'란 대답을 내놓고 있다""며 드론과 미사일을 수백기를 쏟아붓고 있고,
미국의 안전보장 노력에 대해서도 ""러시아를 빼놓은 논의는 무의미하다""고 주장했습니다.
백악관은 앞선 발언에 대한 공식 입장을 내놓지는 않았지만 불편한 기색이 역력합니다.
다만 종전에 관한 트럼프의 관심과 의지를 반영하듯 적극적인 외교를 강조했습니다.
""(트럼프는) 적극적이고 열정적인 외교를 하고 있습니다. (조금 어렵더라도) 외교적인 해법에 힘을 실을 겁니다.""
이에 대해 CNBC는 “러시아의 계속되는 공격에 라브로프 장관의 발언까지 정상회담 가능성이 낮아지고 있다""면서 ""트럼프가 두 나라 간 평화협정을 중재할 능력이 있는지에 의문이 제기된다”고 꼬집었습니다.",2025-08-26,세계
5,"머스크의 xAI, 애플·오픈AI에 소송…“챗봇 경쟁 방해”",https://n.news.naver.com/mnews/article/016/0002519323,헤럴드경제,정목희 기자,"일론 머스크 테슬라 최고경영자(CEO)와 샘 올트먼 오픈AI CEO 
일론 머스크 테슬라 최고경영자(CEO)가 이끄는 인공지능(AI) 스타트업 xAI가 챗GPT 개발사 오픈AI를 상대로 반독점 소송을 제기했다. 두 회사가 인공지능 경쟁을 방해했다는 주장으로, 머스크와 샘 올트먼 오픈AI CEO 간 갈등이 애플까지 번진 모양새다.
25일(현지시간) 파이낸셜타임스(FT)와 CNBC 등에 따르면 머스크의 회사 xAI와 엑스(X·옛 트위터)는 이날 텍사스주 연방 법원에 제기한 소송에서 애플이 오픈AI의 AI 모델을 애플 기기에 탑재하는 등 오픈AI를 우대해 AI 업계의 경쟁을 방해했다고 주장했다.
또 애플이 앱스토어 순위에서 xAI의 그록 같은 앱과, 생성형 AI 챗봇 경쟁사를 우선순위에서 제외했다는 주장을 펴기도 했다.
머스크가 이날 미국 연방 법원에 제출한 소장에서 “애플-오픈AI 간 협력으로 챗GPT가 아이폰에 기본 탑재된 유일한 생성형 AI 챗봇이 됐다”며 “오픈AI가 수십억 건의 잠재적 사용자 질의에 독점적 접근권을 확보했다”고 주장했다고 보도했다.
애플은 지난해 시리와 글쓰기·카메라 기능 등에 챗GPT를 통합해 본격적으로 AI 기능을 강화했다. 그러나 xAI와 엑스(X·옛 트위터)는 이번 합의가 경쟁사 진입을 원천적으로 봉쇄했다고 지적했다.
이들은 소송 문서에 애플은 자체 ‘애플 인텔리전스’ 시스템의 부진한 출발에도 혁신을 외면했으며, 앱스토어 순위를 조작하거나 업데이트를 지연시켜 xAI가 개발한 ‘그록(Grok)’에 불리하게 작용했다고 주장했다.
애플은 즉각적인 입장을 내놓지 않았다. 다만 앞서 머스크가 소송을 예고했을 때 애플은 “앱스토어는 공정하고 편향되지 않도록 설계됐다”고 반박한 바 있다.
오픈AI 측은 “이번 소송은 머스크의 지속적인 괴롭힘 패턴과 일치한다”며 혐의를 부인했다.
머스크는 애플이 자사의 스마트폰 독점을 지키기 위해 AI 기반 ‘슈퍼앱’ 개발을 막고 있다는 점도 지적했다. 이는 지난해 미 법무부가 제기한 애플 반독점 소송의 논리와 유사하다.
머스크는 지난해 6월 애플-오픈AI 제휴가 발표되자 “아이폰 사용자 데이터에 오픈AI가 접근할 수 있게 하는 심각한 보안 위협”이라고 비판하며 자사 기업 내 아이폰 사용을 금지하겠다고 선언한 바 있다.
머스크와 애플의 갈등은 이번이 처음이 아니다. 머스크가 2022년 트위터를 인수했을 당시, 애들이 앱스토어에서 트위터를 퇴출하려 했다고 비난하며, 앱스토어 내 30% 수수료 정책도 강하게 공격했다. 이후 팀 쿡 CEO와 회동으로 갈등이 일단락됐으나 2023년 11월 애플이 엑스 광고를 중단하면서 불화가 재점화됐다.
머스크는 2015년 오픈AI 공동 설립자였으나, 2018년 올트먼과의 갈등으로 이사회에서 물러났다. 이후 머스크는 2023년 xAI를 설립하고 올해 엑스와 합병했다. 현재도 오픈AI를 상대로 “영리 추구가 창립 정신 위반”이라는 소송을 진행 중이다.
머스크는 올해 초 오픈AI 핵심 자산 인수를 시도했으나 거절당했으며, 이 과정에서 마크 저커버그 메타 CEO까지 끌어들이려 한 것으로 드러났다.
이번 소송에서 머스크 측은 애플과 오픈AI가 “자신들의 반경쟁적 행위를 은폐하기 위해 엑스 플랫폼에서 허위정보를 퍼뜨렸다”고도 주장했다.",2025-08-26,세계
6,"李대통령과 악수한 트럼프…손등에 '선명한 멍' 또 포착, 무슨 일?",https://n.news.naver.com/mnews/article/011/0004525185,서울경제,현수아 기자,"이재명 대통령과 악수하는 도널드 트럼프 미국 대통령. AP연합뉴스
도널드 트럼프 미국 대통령 오른손 등에 나타난 큰 멍이 이재명 대통령과의 정상회담에서 다시 포착되면서 건강 상태를 둘러싼 관심이 높아지고 있다.
25일(현지시간) 워싱턴 백악관에서 열린 첫 한미정상회담에서 이 대통령과 악수하는 트럼프 대통령의 오른손 등에는 큰 멍이 뚜렷하게 확인됐다. 이후 오벌 오피스에서 양국 정상이 함께 취재진을 만난 자리에서도 해당 멍은 육안으로 관찰될 정도로 선명했다.
트럼프 대통령의 손등 멍이 화제가 된 건 이번이 처음은 아니다. AP통신에 따르면 지난 22일에도 트럼프 대통령 손등에는 피부색과 맞지 않는 메이크업 자국이 포착됐다. 뉴욕타임스는 트럼프 대통령이 해당 부위를 화장으로 자주 가려왔다고 보도하면서 건강 이상설도 제기됐다고 전했다. 특히 올해 79세로 지난 1월 취임 기준 역대 최고령 미국 대통령이라는 점에서 관심이 더욱 집중되고 있다.
도널드 트럼프 미국 대통령 오른손의 멍 자국. 로이터연합뉴스
지난 3월에도 비슷한 상황이 벌어졌다. 미국 언론들에 따르면 2월 24일 백악관에서 열린 미국-프랑스 정상회담 사진과 동영상에서도 트럼프 대통령 오른손 등 위 멍 자국이 발견됐다. 당시 트럼프 대통령과 에마뉘엘 마크롱 프랑스 대통령은 정상회담 전 약 17초 동안 서로 손을 강하게 움켜쥔 악수로 주목받기도 했다.
백악관은 지속적인 해명에 나서고 있다. 캐럴라인 레빗 백악관 대변인은 지난달 ""빈번한 악수와 아스피린 복용으로 인한 경미한 연조직 자극""이라고 설명했다. 아스피린은 심혈관 질환 예방을 위해 복용하고 있다고 덧붙였다. 3월에도 ""트럼프 대통령은 국민을 위한 사람""이라면서 ""손에 멍이 있는 것은 매일 하루 종일 일하고 사람들과 악수하기 때문""이라고 해명한 바 있다.
李대통령과 악수한 트럼프…손등에 '선명한 멍' 또 포착, 무슨 일?",2025-08-26,세계
7,"美 국방부, '전쟁부'로 바뀌나…트럼프 ""방어 말고 공격도 원해""",https://n.news.naver.com/mnews/article/001/0015586324,연합뉴스,오수진 기자,"건국 후 '전쟁부'로 불리다 1947년 이름 바꿔…""전쟁부 시절은 놀라운 승리의 역사""
한미 정상회담 참석한 트럼프 대통령
(워싱턴=연합뉴스) 한상균 기자 = 도널드 트럼프 미국 대통령이 25일(현지시간) 미국 워싱턴DC 백악관에서 이재명 대통령과 한미 정상회담을 하고 있다. 2025.8.26 xyz@yna.co.kr
(서울=연합뉴스) 오수진 기자 = 도널드 트럼프 대통령이 25일(현지시간) ""방어만 하고 싶지 않다. 공격도 원한다""며 국방부의 명칭을 전쟁부(Department of War)로 바꾸겠다는 계획을 시사했다.
폴리티코와 CBS 등 미국 언론들에 따르면 트럼프 대통령은 이날 백악관에서 진행된 이재명 대통령과의 언론 공개 회담에서 ""우리가 전쟁에서 항상 승리했던 시절로 돌아가고 싶다면, 나는 괜찮다""며 국방부 명칭 변경에 대한 지지 의사를 밝혔다.
이날 트럼프 대통령은 ""우리가 1·2차 세계대전에서 승리했을 때 (국방부를) 전쟁부라고 불렀다""며 ""모두가 전쟁부 시절 우리가 믿을 수 없는 승리의 역사를 가졌다는 것을 좋아한다""고 말했다.
그는 이후 행정명령 서명식에서 국방부 명칭 변경이 다음주께 이뤄질 가능성이 높다며, 피트 헤그세스 국방부 장관에게 명칭 변경과 관련한 업무를 맡기겠다고 말했다.
그러면서 ""두어번 (명칭 변경을) 해보겠다. 만약 모두가 이를 좋아한다면 명칭을 바꿀 것""이라고 했다.
트럼프 대통령이 국방부 명칭 변경 의지를 내비친 것은 이번이 처음은 아니다.
그는 지난 6월 참석한 북대서양조약기구(NATO·나토) 정상회의에서도 헤그세스 장관을 '전쟁 장관'(Secretary of War)으로 부르면서 ""우리가 정치적 올바름을 추구하면서 국방 장관이라고 불리게 됐다""고 말한 바 있다.
폴리티코는 트럼프 대통령이 국방부 명칭 변경 시도를 통해 해외 군사력 강화에 대해서도 적극적으로 논의하겠다는 의지를 드러낸 것이라고 분석했다.
미 국방부는 1789년부터 1947년까지 '전쟁부'로 불리다가 해리 트루먼 대통령이 전쟁부를 육군과 공군으로 분리하고 당시 독립된 해군과 합치면서 현재의 명칭으로 바뀌었다.
미 국방부는 1947년 의회가 의결한 법률에 따라 설립됐기 때문에 명칭 변경이 실제 추진된다면 의회의 승인이 필요할 것으로 보인다.
의회의 승인 필요 여부에 관한 질의에 트럼프 대통령은 ""필요하다고 생각하지 않는다""면서 ""우린 그냥 할 것이다. 우리가 필요하면 의회가 따라갈 것이라고 믿는다""고 말했다.
애나 켈리 미 국방부 대변인은 이날 트럼프 대통령의 발언에 대해 ""그가 국방부에서 다양성, 형평성, 포용성(DEI) 정책과 이념 대신 전쟁 참전 용사들을 우선시한 이유""라며 ""계속 지켜봐 달라""고 말했다.
kiki@yna.co.kr",2025-08-26,세계
